This is a list of identifiers associated with the topmed public 107 data set.													
The original manifest was found here: gs://topmed-irc-share/public/TOPMed.public_samples.manifest.2017.11.30.txt													
													
NWD_ID	HapMap_1000G_ID	SEQ_CTR	Google_URL	S3_URL	Argon_GUID	Calcium_GUID	Helium_GUID	Xenon_GUID	DOS_URI	CRAI_URL	md5sum	Assignment	realigned_md5sum
NWD100953	HG01110	WashU	gs://topmed-irc-share/public/NWD100953.recab.cram	s3://cgp-commons-public/topmed_open_access/44a8837b-4456-5709-b56b-54e23000f13a/NWD100953.recab.cram	ark:/99999/fk4E1n6n1YHKxPk	dg.4503/01b048d0-e128-4cb0-94e9-b2d2cab7563d	a83de7f555fe446f8319aa691a4d6f5a		dos://dos.commons.ucsc-cgp.org/01b048d0-e128-4cb0-94e9-b2d2cab7563d?version=2018-05-26T133719.491772Z	cram	f9e72bdf25bf4b4f0e581d9218fec2eb	All	
NWD100953	HG01110	WashU	gs://topmed-irc-share/public/NWD100953.recab.cram.crai	s3://cgp-commons-public/topmed_open_access/44a8837b-4456-5709-b56b-54e23000f13a/NWD100953.recab.cram.crai	ark:/99999/fk4E1n6n1YHKxPk	dg.4503/630d31c3-381e-488d-b639-ce5d047a0142	1a85d15137db42edab6bb89cb97df07b		dos://dos.commons.ucsc-cgp.org/630d31c3-381e-488d-b639-ce5d047a0142?version=2018-05-26T134315.070662Z	crai	3b0f63a815384a3d44c61b4abd40caf9	All	
NWD119836	NA12878	NYGC	gs://topmed-irc-share/public/NWD119836.recab.cram	s3://cgp-commons-public/topmed_open_access/204cf1bd-1477-57e6-880c-1b863edac627/NWD119836.recab.cram	ark:/99999/fk4GnRWNTWxlNN	dg.4503/5e74b6d5-db4e-45d9-bc8b-099da92f025c	b679b5c8a5034c3aa7294a72489960f0		dos://dos.commons.ucsc-cgp.org/5e74b6d5-db4e-45d9-bc8b-099da92f025c?version=2018-05-26T133719.578686Z	cram	6b16a838f0af3b3cff52f3c746a36548	All	
NWD119836	NA12878	NYGC	gs://topmed-irc-share/public/NWD119836.recab.cram.crai	s3://cgp-commons-public/topmed_open_access/204cf1bd-1477-57e6-880c-1b863edac627/NWD119836.recab.cram.crai	ark:/99999/fk4GnRWNTWxlNN	dg.4503/f456ce3c-9b41-4800-9a92-c2afbe4446eb	f4f3a63611ec458eaa917c544e70c234		dos://dos.commons.ucsc-cgp.org/f456ce3c-9b41-4800-9a92-c2afbe4446eb?version=2018-05-26T134315.143570Z	crai	0ea01635527c738a5f3bf82acf0c3859	All	
NWD119844	NA12878	Baylor	gs://topmed-irc-share/public/NWD119844.recab.cram	s3://cgp-commons-public/topmed_open_access/06dfc2ab-2d04-52c3-9723-0ac4042e4e38/NWD119844.recab.cram	ark:/99999/fk41RH0R3aSlb0tQ	dg.4503/44ec7963-5c7a-4974-bb4d-c8b5c002019c	616b2be41d914d068dea8725326be373		dos://dos.commons.ucsc-cgp.org/44ec7963-5c7a-4974-bb4d-c8b5c002019c?version=2018-05-26T133719.645036Z	cram	7785199a2d173158598db81c2d492776	All	
NWD119844	NA12878	Baylor	gs://topmed-irc-share/public/NWD119844.recab.cram.crai	s3://cgp-commons-public/topmed_open_access/06dfc2ab-2d04-52c3-9723-0ac4042e4e38/NWD119844.recab.cram.crai	ark:/99999/fk41RH0R3aSlb0tQ	dg.4503/25065a60-6b7d-4c50-abf9-0cf86c5b483a	ded368cfd18e4978b905a9f297e01385		dos://dos.commons.ucsc-cgp.org/25065a60-6b7d-4c50-abf9-0cf86c5b483a?version=2018-05-26T134315.205291Z	crai	48c26ed3d4a8224f4dfa3515edae749b	All	
NWD136397	HG01110	NYGC	gs://topmed-irc-share/public/NWD136397.recab.cram	s3://cgp-commons-public/topmed_open_access/bd91f499-1620-5500-8f73-89158fb9d709/NWD136397.recab.cram	ark:/99999/fk41B3VomwJC82mc	dg.4503/37d353be-aa24-4ce8-b208-494aa5062b9d	4858134a2cdb482e92dd3f0922b16298		dos://dos.commons.ucsc-cgp.org/37d353be-aa24-4ce8-b208-494aa5062b9d?version=2018-05-26T133719.710053Z	cram	634a90a870f3d33242416678af8ddce8	All	
NWD136397	HG01110	NYGC	gs://topmed-irc-share/public/NWD136397.recab.cram.crai	s3://cgp-commons-public/topmed_open_access/bd91f499-1620-5500-8f73-89158fb9d709/NWD136397.recab.cram.crai	ark:/99999/fk41B3VomwJC82mc	dg.4503/b1dcfdbe-4314-4efd-8f52-559435188b40	af2725bd88df424d869b27e2bf398d35		dos://dos.commons.ucsc-cgp.org/b1dcfdbe-4314-4efd-8f52-559435188b40?version=2018-05-26T134315.268945Z	crai	c307d05c44e4549bf7ef4b519468792b	All	
NWD146103	NA19238	WashU	gs://topmed-irc-share/public/NWD146103.recab.cram	s3://cgp-commons-public/topmed_open_access/f262151f-155d-5511-a809-bd02342f6754/NWD146103.recab.cram	ark:/99999/fk4JnwIEatRQXTw	dg.4503/6df4d205-d0f7-42ad-9e7a-020a5538d847	444c793b5e7943faae092c226cb92621		dos://dos.commons.ucsc-cgp.org/6df4d205-d0f7-42ad-9e7a-020a5538d847?version=2018-05-26T133719.770731Z	cram	1a0d3ac025039c4e62eabcbba5fca034	All	
NWD146103	NA19238	WashU	gs://topmed-irc-share/public/NWD146103.recab.cram.crai	s3://cgp-commons-public/topmed_open_access/f262151f-155d-5511-a809-bd02342f6754/NWD146103.recab.cram.crai	ark:/99999/fk4JnwIEatRQXTw	dg.4503/1e4142b8-4266-49ae-a452-b64d5f803a4c	8e95c44f3e7d49048f8187384cdea19f		dos://dos.commons.ucsc-cgp.org/1e4142b8-4266-49ae-a452-b64d5f803a4c?version=2018-05-26T134315.332533Z	crai	3837011c774444d2996f514a9880bc9f	All	
NWD155824	NA12878	Broad	gs://topmed-irc-share/public/NWD155824.recab.cram	s3://cgp-commons-public/topmed_open_access/b0ef8b2f-6984-544d-aea8-ccaa2c444760/NWD155824.recab.cram	ark:/99999/fk41DhAAvG15DzMz	dg.4503/8f66b2ab-6670-4a62-af5d-2f51b78857cd	adf01c8db4a445a2a698276ece5b32a8		dos://dos.commons.ucsc-cgp.org/8f66b2ab-6670-4a62-af5d-2f51b78857cd?version=2018-05-26T133719.830596Z	cram	6d654054823a0361e19146a4abf31cef	All	
NWD155824	NA12878	Broad	gs://topmed-irc-share/public/NWD155824.recab.cram.crai	s3://cgp-commons-public/topmed_open_access/b0ef8b2f-6984-544d-aea8-ccaa2c444760/NWD155824.recab.cram.crai	ark:/99999/fk41DhAAvG15DzMz	dg.4503/919d2aba-8424-4bfd-8d06-1298c15c9b69	e931f822b661445b8cbf75a6e93c463c		dos://dos.commons.ucsc-cgp.org/919d2aba-8424-4bfd-8d06-1298c15c9b69?version=2018-05-26T134315.395691Z	crai	f5dff8b1108e870973a129290c8e82b8	All	
NWD165827	NA19238	UW	gs://topmed-irc-share/public/NWD165827.recab.cram	s3://cgp-commons-public/topmed_open_access/197bc047-e917-55ed-852d-d563cdbc50e4/NWD165827.recab.cram	ark:/99999/fk41CrU4eszeLUDe	dg.4503/c3d66dc9-58da-411c-83c4-dd656aa3c4b7	4ddc0a5a5d5940ca87f2fd20d0101032		dos://dos.commons.ucsc-cgp.org/c3d66dc9-58da-411c-83c4-dd656aa3c4b7?version=2018-05-26T133719.892835Z	cram	3b33f6b9338fccab0901b7d317577ea3	All	
NWD165827	NA19238	UW	gs://topmed-irc-share/public/NWD165827.recab.cram.crai	s3://cgp-commons-public/topmed_open_access/197bc047-e917-55ed-852d-d563cdbc50e4/NWD165827.recab.cram.crai	ark:/99999/fk41CrU4eszeLUDe	dg.4503/6889f9fa-62b1-4046-9abd-8f92d70a0425	49f91fef979941a8b10f1832ddfbb8b2		dos://dos.commons.ucsc-cgp.org/6889f9fa-62b1-4046-9abd-8f92d70a0425?version=2018-05-26T134315.458557Z	crai	c10c1fe8c3ac1aacfe865826864f561a	All	
NWD176325	NA19238	Broad	gs://topmed-irc-share/public/NWD176325.recab.cram	s3://cgp-commons-public/topmed_open_access/0583d98e-b079-51ae-affc-1c2d6200c84d/NWD176325.recab.cram	ark:/99999/fk41PMwnmQjAqrFl	dg.4503/8634a61f-7a19-4028-8999-77432c5bdad0	e06e8ef769334921b62c52377687900f		dos://dos.commons.ucsc-cgp.org/8634a61f-7a19-4028-8999-77432c5bdad0?version=2018-05-26T133719.955096Z	cram	81e05fb25d38d79f6d3c59666834825d	Argon	
NWD176325	NA19238	Broad	gs://topmed-irc-share/public/NWD176325.recab.cram.crai	s3://cgp-commons-public/topmed_open_access/0583d98e-b079-51ae-affc-1c2d6200c84d/NWD176325.recab.cram.crai	ark:/99999/fk41PMwnmQjAqrFl	dg.4503/ca87a03e-96a6-4dcd-a29a-0a0eaa178937	a9c092deeb6c4d5caa7ac4c6e804b8c4		dos://dos.commons.ucsc-cgp.org/ca87a03e-96a6-4dcd-a29a-0a0eaa178937?version=2018-05-26T134315.520236Z	crai	b93b17b4a21c009f5076292134072fb3	Argon	
NWD183321	NA19238	Broad	gs://topmed-irc-share/public/NWD183321.recab.cram	s3://cgp-commons-public/topmed_open_access/70dcc474-94f0-5eb7-bfda-d9e331b25347/NWD183321.recab.cram	ark:/99999/fk4qy03coQm10bp	dg.4503/deec6ec7-1c15-45cc-aaba-eb11e7aa44f2	8419762191cf444f84ec5d17d13cf4a1		dos://dos.commons.ucsc-cgp.org/deec6ec7-1c15-45cc-aaba-eb11e7aa44f2?version=2018-05-26T133720.017966Z	cram	935b2bbd97dca276f696b3dc05dcb89e	Argon	
NWD183321	NA19238	Broad	gs://topmed-irc-share/public/NWD183321.recab.cram.crai	s3://cgp-commons-public/topmed_open_access/70dcc474-94f0-5eb7-bfda-d9e331b25347/NWD183321.recab.cram.crai	ark:/99999/fk4qy03coQm10bp	dg.4503/2734d5f9-c0ee-45b3-bb16-2fe5ddf4578f	a21a912c445f456fb993b4b320278e94		dos://dos.commons.ucsc-cgp.org/2734d5f9-c0ee-45b3-bb16-2fe5ddf4578f?version=2018-05-26T134315.585532Z	crai	0f375f5d2778908108fbe99b16e9671c	Argon	
NWD191048	NA19238	UW	gs://topmed-irc-share/public/NWD191048.recab.cram	s3://cgp-commons-public/topmed_open_access/ded720e9-84e5-540d-9f22-409968dbb013/NWD191048.recab.cram	ark:/99999/fk41S1eXaZbrnTa7	dg.4503/e4d8123b-7364-4ff1-97c9-dd788cbbd8e5	e31e7f390fd4470196546e472bc351d2		dos://dos.commons.ucsc-cgp.org/e4d8123b-7364-4ff1-97c9-dd788cbbd8e5?version=2018-05-26T133720.090272Z	cram	ec324e174789e9f35b1842dcf3cc34ab	Argon	
NWD191048	NA19238	UW	gs://topmed-irc-share/public/NWD191048.recab.cram.crai	s3://cgp-commons-public/topmed_open_access/ded720e9-84e5-540d-9f22-409968dbb013/NWD191048.recab.cram.crai	ark:/99999/fk41S1eXaZbrnTa7	dg.4503/1f33b8e7-5553-4611-9420-0613b313c8d8	7ea61a15ecc249c1a97ca223a06e1dd6		dos://dos.commons.ucsc-cgp.org/1f33b8e7-5553-4611-9420-0613b313c8d8?version=2018-05-26T134315.665444Z	crai	532aec198bbe91c3636210661a5e1e25	Argon	
NWD230091	HG01110	Broad	gs://topmed-irc-share/public/NWD230091.recab.cram	s3://cgp-commons-public/topmed_open_access/d2249891-9ef7-5cf2-8382-5d572fc98c71/NWD230091.recab.cram	ark:/99999/fk424HKxVQPz4n	dg.4503/4f321007-7560-4594-8c92-77b02d574c51	11208f4e06aa4fd6b1dbb0f6629bfd53		dos://dos.commons.ucsc-cgp.org/4f321007-7560-4594-8c92-77b02d574c51?version=2018-05-26T133720.153687Z	cram	e89690ec6d76bb34cb521c0b53b3347e	Argon	
NWD230091	HG01110	Broad	gs://topmed-irc-share/public/NWD230091.recab.cram.crai	s3://cgp-commons-public/topmed_open_access/d2249891-9ef7-5cf2-8382-5d572fc98c71/NWD230091.recab.cram.crai	ark:/99999/fk424HKxVQPz4n	dg.4503/82ca0d40-1d74-4da8-a059-49bc61de919c	ce0c5473cb334d5b9c43be8bd04a376c		dos://dos.commons.ucsc-cgp.org/82ca0d40-1d74-4da8-a059-49bc61de919c?version=2018-05-26T134315.729653Z	crai	f1620b1d31c626d06b3f33d6b0b1b86d	Argon	
NWD231092	HG01111	UW	gs://topmed-irc-share/public/NWD231092.recab.cram	s3://cgp-commons-public/topmed_open_access/c673d210-49f0-5fba-8085-390e1d3b8487/NWD231092.recab.cram	ark:/99999/fk418E07EZH764em	dg.4503/78c79fe0-8d02-46b5-836b-c5b37294a42f	1fa4879e731545fd81d881d783ae7cc2		dos://dos.commons.ucsc-cgp.org/78c79fe0-8d02-46b5-836b-c5b37294a42f?version=2018-05-26T133720.217164Z	cram	aa8ab38d2110c937bc22b7ac332f043a	Argon	
NWD231092	HG01111	UW	gs://topmed-irc-share/public/NWD231092.recab.cram.crai	s3://cgp-commons-public/topmed_open_access/c673d210-49f0-5fba-8085-390e1d3b8487/NWD231092.recab.cram.crai	ark:/99999/fk418E07EZH764em	dg.4503/1674f6ce-9688-4267-bbef-6e371c3e9d92	6cd7c47cfb9d45339e99244a5c049384		dos://dos.commons.ucsc-cgp.org/1674f6ce-9688-4267-bbef-6e371c3e9d92?version=2018-05-26T134315.794772Z	crai	38c314a163d8f7b8bae15ff3b0670c0b	Argon	
NWD234815	HG01111	WashU	gs://topmed-irc-share/public/NWD234815.recab.cram	s3://cgp-commons-public/topmed_open_access/233bc61e-e9e8-5f75-a8d9-189cfced36fe/NWD234815.recab.cram	ark:/99999/fk4138B43vqfsmnx	dg.4503/ff8c5664-a713-4b7e-b411-91261b1ac9c2	734c628ce1ee40f4902c407bae5f86d7		dos://dos.commons.ucsc-cgp.org/ff8c5664-a713-4b7e-b411-91261b1ac9c2?version=2018-05-26T133720.279530Z	cram	cc8ed08dbe1fa18dbc7bf02758197f65	Argon	
NWD234815	HG01111	WashU	gs://topmed-irc-share/public/NWD234815.recab.cram.crai	s3://cgp-commons-public/topmed_open_access/233bc61e-e9e8-5f75-a8d9-189cfced36fe/NWD234815.recab.cram.crai	ark:/99999/fk4138B43vqfsmnx	dg.4503/9df0ba81-d9c6-453b-9f6a-2724f2c47515	0fe28d6172c54a989668212aaf4236a9		dos://dos.commons.ucsc-cgp.org/9df0ba81-d9c6-453b-9f6a-2724f2c47515?version=2018-05-26T134315.857118Z	crai	3f2a2aa1c02ff801000489408ec957f9	Argon	
NWD245311	NA12878	Broad	gs://topmed-irc-share/public/NWD245311.recab.cram	s3://cgp-commons-public/topmed_open_access/fca3e67d-7a05-5b1b-8c21-b92d3b9396db/NWD245311.recab.cram	ark:/99999/fk4YH8cn3pqoqCI	dg.4503/dbf8ed06-d7b0-423f-a8a0-16429573748c	c1db188c3d5244088ca19ba940c5e13c		dos://dos.commons.ucsc-cgp.org/dbf8ed06-d7b0-423f-a8a0-16429573748c?version=2018-05-26T133720.340715Z	cram	b0ada611c49207bf60ed3a49cb5ab32e	Argon	
NWD245311	NA12878	Broad	gs://topmed-irc-share/public/NWD245311.recab.cram.crai	s3://cgp-commons-public/topmed_open_access/fca3e67d-7a05-5b1b-8c21-b92d3b9396db/NWD245311.recab.cram.crai	ark:/99999/fk4YH8cn3pqoqCI	dg.4503/37486b2a-90e2-4138-8416-555c6293501c	650a30ee951e4c32814ca21fb44031f3		dos://dos.commons.ucsc-cgp.org/37486b2a-90e2-4138-8416-555c6293501c?version=2018-05-26T134315.918872Z	crai	1a64ffc62b60849407799f167e0d034f	Argon	
NWD259170	HG01110	UW	gs://topmed-irc-share/public/NWD259170.recab.cram	s3://cgp-commons-public/topmed_open_access/0d6371a8-fc4f-5232-9660-e655903b17ea/NWD259170.recab.cram	ark:/99999/fk4U155qkwfGwQf	dg.4503/b7c6ad18-070a-4721-a464-e61a1137f539	11e17c6ae9ba4481a6083a3f08a48194		dos://dos.commons.ucsc-cgp.org/b7c6ad18-070a-4721-a464-e61a1137f539?version=2018-05-26T133720.406678Z	cram	3ab8a7f174d7778c682ec7a867a176d3	Argon	
NWD259170	HG01110	UW	gs://topmed-irc-share/public/NWD259170.recab.cram.crai	s3://cgp-commons-public/topmed_open_access/0d6371a8-fc4f-5232-9660-e655903b17ea/NWD259170.recab.cram.crai	ark:/99999/fk4U155qkwfGwQf	dg.4503/a4c4d483-4dc3-46a8-a2b9-3649b5a43584	d43f8272088541818b744d58391388b8		dos://dos.commons.ucsc-cgp.org/a4c4d483-4dc3-46a8-a2b9-3649b5a43584?version=2018-05-26T134315.978796Z	crai	b933d8fb97268c951e610b6dfa20924d	Argon	
NWD263474	NA19238	NYGC	gs://topmed-irc-share/public/NWD263474.recab.cram	s3://cgp-commons-public/topmed_open_access/098b40f5-34f7-5f1b-a0c4-4d12a5846b34/NWD263474.recab.cram	ark:/99999/fk41KLX1i43VjvIz	dg.4503/c86253ef-cd41-4aca-9af4-647050ed4e8d	f30b1c737f0d459fbdabc3316d699f1a		dos://dos.commons.ucsc-cgp.org/c86253ef-cd41-4aca-9af4-647050ed4e8d?version=2018-05-26T133720.469766Z	cram	3f1a86d7b6c49af3a0e3cb57e916cce3	Argon	
NWD263474	NA19238	NYGC	gs://topmed-irc-share/public/NWD263474.recab.cram.crai	s3://cgp-commons-public/topmed_open_access/098b40f5-34f7-5f1b-a0c4-4d12a5846b34/NWD263474.recab.cram.crai	ark:/99999/fk41KLX1i43VjvIz	dg.4503/1ba9e375-d7e8-49e0-ba6d-2bebc48c10a8	2dc4f4d888c94a22b27f92fb7cf5a02b		dos://dos.commons.ucsc-cgp.org/1ba9e375-d7e8-49e0-ba6d-2bebc48c10a8?version=2018-05-26T134316.042284Z	crai	f51e3eb4b7e5494ca80bd10863b7f579	Argon	
NWD285363	NA19238	Broad	gs://topmed-irc-share/public/NWD285363.recab.cram	s3://cgp-commons-public/topmed_open_access/5120d264-b848-5419-b84a-fb9d58bb77a2/NWD285363.recab.cram	ark:/99999/fk4EBhEdLDbSOJo	dg.4503/eb867176-0a7d-4495-a348-27747fc0797d	4cf8c09316da4c05858f2420d27d483f		dos://dos.commons.ucsc-cgp.org/eb867176-0a7d-4495-a348-27747fc0797d?version=2018-05-26T133720.531041Z	cram	93a48ca0df3a0bfb95908e89193bee59	Argon	
NWD285363	NA19238	Broad	gs://topmed-irc-share/public/NWD285363.recab.cram.crai	s3://cgp-commons-public/topmed_open_access/5120d264-b848-5419-b84a-fb9d58bb77a2/NWD285363.recab.cram.crai	ark:/99999/fk4EBhEdLDbSOJo	dg.4503/14eb31dc-8851-497b-bf6e-17d81b60cc3b	0a55250e80334a01b5d0d7ef7ed02b23		dos://dos.commons.ucsc-cgp.org/14eb31dc-8851-497b-bf6e-17d81b60cc3b?version=2018-05-26T134316.105689Z	crai	06353b5cc92375537e37396f67b2e085	Argon	
NWD290849	NA19238	NYGC	gs://topmed-irc-share/public/NWD290849.recab.cram	s3://cgp-commons-public/topmed_open_access/4654080c-9a94-5fcf-a69c-c73059169207/NWD290849.recab.cram	ark:/99999/fk4xxwIVqeBtmgi	dg.4503/6e1c2aac-24ba-4a99-b14a-752a142ef42f	7207b8d241b2484e84fb7de718f446ab		dos://dos.commons.ucsc-cgp.org/6e1c2aac-24ba-4a99-b14a-752a142ef42f?version=2018-05-26T133720.590495Z	cram	4565a91cf3d8a2a43137b6b16d90433b	Argon	
NWD290849	NA19238	NYGC	gs://topmed-irc-share/public/NWD290849.recab.cram.crai	s3://cgp-commons-public/topmed_open_access/4654080c-9a94-5fcf-a69c-c73059169207/NWD290849.recab.cram.crai	ark:/99999/fk4xxwIVqeBtmgi	dg.4503/46df9ac5-0e72-4aa5-8e6b-6b55b362c29a	c517c79d749b47c6a8570dd644380a41		dos://dos.commons.ucsc-cgp.org/46df9ac5-0e72-4aa5-8e6b-6b55b362c29a?version=2018-05-26T134316.170044Z	crai	b907979cdb02e90d2793548184518081	Argon	
NWD293295	NA19238	NYGC	gs://topmed-irc-share/public/NWD293295.recab.cram	s3://cgp-commons-public/topmed_open_access/06c4bd47-c8e2-5045-8bae-bfad24633c87/NWD293295.recab.cram	ark:/99999/fk4KGjtAtZjVQtf	dg.4503/5492e62f-d952-44b7-b69f-61fed8c2f34f	b075de6db4ea40c28454c556646702a6		dos://dos.commons.ucsc-cgp.org/5492e62f-d952-44b7-b69f-61fed8c2f34f?version=2018-05-26T133720.653186Z	cram	97f12e223e37379820d74354338a4f58	Argon	
NWD293295	NA19238	NYGC	gs://topmed-irc-share/public/NWD293295.recab.cram.crai	s3://cgp-commons-public/topmed_open_access/06c4bd47-c8e2-5045-8bae-bfad24633c87/NWD293295.recab.cram.crai	ark:/99999/fk4KGjtAtZjVQtf	dg.4503/21fd7c0a-4d87-4c57-9396-147d4c827b3f	4eb38fb9bae14900902f5e2d0b95fa2a		dos://dos.commons.ucsc-cgp.org/21fd7c0a-4d87-4c57-9396-147d4c827b3f?version=2018-05-26T134316.232174Z	crai	3a225f58729ac12d2d8e9142636ba6c9	Argon	
NWD296991	NA19238	Baylor	gs://topmed-irc-share/public/NWD296991.recab.cram	s3://cgp-commons-public/topmed_open_access/53b9a38c-3bf7-5c70-8586-283e57ff2a16/NWD296991.recab.cram	ark:/99999/fk49MLlRAVDcdL0	dg.4503/1efb2a8f-cea8-4b89-8abc-cdd4ec2ee181	13d873f1d38f4fa3978138910f59cb69		dos://dos.commons.ucsc-cgp.org/1efb2a8f-cea8-4b89-8abc-cdd4ec2ee181?version=2018-05-26T133720.713314Z	cram	b3c0acb1e3cf18e73ff1bae08bfac265	Argon	
NWD296991	NA19238	Baylor	gs://topmed-irc-share/public/NWD296991.recab.cram.crai	s3://cgp-commons-public/topmed_open_access/53b9a38c-3bf7-5c70-8586-283e57ff2a16/NWD296991.recab.cram.crai	ark:/99999/fk49MLlRAVDcdL0	dg.4503/402450e6-6f53-433b-badb-db8ef5371687	9315a3710c3d49ccbf60ff32818e5870		dos://dos.commons.ucsc-cgp.org/402450e6-6f53-433b-badb-db8ef5371687?version=2018-05-26T134316.295417Z	crai	53f0768f63008f93e0795141491476b7	Argon	
NWD298195	NA12878	UW	gs://topmed-irc-share/public/NWD298195.recab.cram	s3://cgp-commons-public/topmed_open_access/67890b80-cddd-5090-9148-01c5e57c698b/NWD298195.recab.cram	ark:/99999/fk419NVLqOpfEch2	dg.4503/512567d0-38f9-4210-946b-7643a254adf5	eeb50c5b03fa4dbf848cccff43f5a3c5		dos://dos.commons.ucsc-cgp.org/512567d0-38f9-4210-946b-7643a254adf5?version=2018-05-26T133720.774293Z	cram	6e7ca4c436a75a59e6b1bdebb9bf2830	Argon	
NWD298195	NA12878	UW	gs://topmed-irc-share/public/NWD298195.recab.cram.crai	s3://cgp-commons-public/topmed_open_access/67890b80-cddd-5090-9148-01c5e57c698b/NWD298195.recab.cram.crai	ark:/99999/fk419NVLqOpfEch2	dg.4503/5c8e1f2e-6e5a-45cc-a593-f045cb7bf73d	4d612ee43f684ee1bde59c8cc91de2de		dos://dos.commons.ucsc-cgp.org/5c8e1f2e-6e5a-45cc-a593-f045cb7bf73d?version=2018-05-26T134316.357090Z	crai	595225f47ec09f4af0d3852c4e4f5d8d	Argon	
NWD315195	NA12878	Broad	gs://topmed-irc-share/public/NWD315195.recab.cram	s3://cgp-commons-public/topmed_open_access/53616666-8c71-5db7-9e6d-fd9f7a14d518/NWD315195.recab.cram	ark:/99999/fk4LVB3F2bH75gr	dg.4503/688551f4-ccb6-484d-abcd-bae2ea0b4f13	9f7812ca05554b639337b1e75df9892d		dos://dos.commons.ucsc-cgp.org/688551f4-ccb6-484d-abcd-bae2ea0b4f13?version=2018-05-26T133720.834659Z	cram	672667330160da3b80c24bddfa68da14	Argon	
NWD315195	NA12878	Broad	gs://topmed-irc-share/public/NWD315195.recab.cram.crai	s3://cgp-commons-public/topmed_open_access/53616666-8c71-5db7-9e6d-fd9f7a14d518/NWD315195.recab.cram.crai	ark:/99999/fk4LVB3F2bH75gr	dg.4503/69751068-3b97-47b6-8f90-53a57a228e5f	fffe2efc12314621ae523b3f2d3e235d/		dos://dos.commons.ucsc-cgp.org/69751068-3b97-47b6-8f90-53a57a228e5f?version=2018-05-26T134316.424289Z	crai	674399930ac9f43289aa0ec781fb3575	Argon	
NWD315403	HG01249	UW	gs://topmed-irc-share/public/NWD315403.recab.cram	s3://cgp-commons-public/topmed_open_access/d688eb64-049c-5c3a-bc51-75e50791be49/NWD315403.recab.cram	ark:/99999/fk4kTDfxyzKwVxD	dg.4503/be07e9bd-f750-4686-9777-57edaad08ffb	061492dd1ffa47d5b95fc1cec73a0ea4		dos://dos.commons.ucsc-cgp.org/be07e9bd-f750-4686-9777-57edaad08ffb?version=2018-05-26T133720.895742Z	cram	3668a7438c86d4f64ce7b3f9cfa8c887	Argon	
NWD315403	HG01249	UW	gs://topmed-irc-share/public/NWD315403.recab.cram.crai	s3://cgp-commons-public/topmed_open_access/d688eb64-049c-5c3a-bc51-75e50791be49/NWD315403.recab.cram.crai	ark:/99999/fk4kTDfxyzKwVxD	dg.4503/97f5f248-a332-4644-945e-b14d6d9e6988	e188ebe183fa4e77b72ed6bc46e748a0		dos://dos.commons.ucsc-cgp.org/97f5f248-a332-4644-945e-b14d6d9e6988?version=2018-05-26T134316.488125Z	crai	a2c646a1efc6a29167a101fcb95c2bb9	Argon	
NWD316026	HG01249	WashU	gs://topmed-irc-share/public/NWD316026.recab.cram	s3://cgp-commons-public/topmed_open_access/6f05df48-f3c5-5289-9fdc-d519410c2719/NWD316026.recab.cram	ark:/99999/fk4qFTWB41HR2wV	dg.4503/6eadc064-de2b-4785-aca6-5ecbdd40bcbf	efbb2a3fc5a445a3b318e6d8a7832e0d		dos://dos.commons.ucsc-cgp.org/6eadc064-de2b-4785-aca6-5ecbdd40bcbf?version=2018-05-26T133720.956453Z	cram	fcd6cb108459f972d9b1a511275fe1ee	Argon	
NWD316026	HG01249	WashU	gs://topmed-irc-share/public/NWD316026.recab.cram.crai	s3://cgp-commons-public/topmed_open_access/6f05df48-f3c5-5289-9fdc-d519410c2719/NWD316026.recab.cram.crai	ark:/99999/fk4qFTWB41HR2wV	dg.4503/fc1f15d7-14cd-496f-b6c6-5df31c627d18	b0c1e909841e41679ee51188e4d0b7a2		dos://dos.commons.ucsc-cgp.org/fc1f15d7-14cd-496f-b6c6-5df31c627d18?version=2018-05-26T134316.553076Z	crai	332bd708951e395eca77464f43268230	Argon	
NWD319341	NA19238	Broad	gs://topmed-irc-share/public/NWD319341.recab.cram	s3://cgp-commons-public/topmed_open_access/a4e58dc1-3425-54cf-bbe7-64dc01679da3/NWD319341.recab.cram	ark:/99999/fk4cvIChiDrOoZS	dg.4503/697e2d77-cf0a-4bba-b93a-2115a4fac331	617a015593ff4fe1b8764cad4b8abdf2		dos://dos.commons.ucsc-cgp.org/697e2d77-cf0a-4bba-b93a-2115a4fac331?version=2018-05-26T133721.016451Z	cram	0044399fa0f9356565c8cc0234217338	Argon	
NWD319341	NA19238	Broad	gs://topmed-irc-share/public/NWD319341.recab.cram.crai	s3://cgp-commons-public/topmed_open_access/a4e58dc1-3425-54cf-bbe7-64dc01679da3/NWD319341.recab.cram.crai	ark:/99999/fk4cvIChiDrOoZS	dg.4503/ef1e759d-090f-43a1-9ccd-5597c25d06b8	b5990c59cf7c4fbca1bdf97db2aa4c19		dos://dos.commons.ucsc-cgp.org/ef1e759d-090f-43a1-9ccd-5597c25d06b8?version=2018-05-26T134316.617534Z	crai	c5fd2b9973f68840a4d9f155376d009a	Argon	
NWD373853	NA19238	Broad	gs://topmed-irc-share/public/NWD373853.recab.cram	s3://cgp-commons-public/topmed_open_access/8bae307d-9ffd-526c-b098-cd29f251f1ed/NWD373853.recab.cram	ark:/99999/fk4uKCmFHJgeeTq	dg.4503/1b1cd368-c0a3-443f-89b8-702fb5315aed	3dc1cd294b514bb8935eb3c6e9358845		dos://dos.commons.ucsc-cgp.org/1b1cd368-c0a3-443f-89b8-702fb5315aed?version=2018-05-26T133721.079799Z	cram	b7eca49a975e67a990317bd75a2ab790	Argon	
NWD373853	NA19238	Broad	gs://topmed-irc-share/public/NWD373853.recab.cram.crai	s3://cgp-commons-public/topmed_open_access/8bae307d-9ffd-526c-b098-cd29f251f1ed/NWD373853.recab.cram.crai	ark:/99999/fk4uKCmFHJgeeTq	dg.4503/e63687c3-32ae-4353-8c0b-97efcac50837	5bd34efeb23a4679872063443e9f2282		dos://dos.commons.ucsc-cgp.org/e63687c3-32ae-4353-8c0b-97efcac50837?version=2018-05-26T134316.680550Z	crai	0bcc9781c6ed8bf033275be244bcf295	Argon	
NWD422016	NA19238	Broad	gs://topmed-irc-share/public/NWD422016.recab.cram	s3://cgp-commons-public/topmed_open_access/43029e62-c71a-5c41-a84a-da0795a16122/NWD422016.recab.cram	ark:/99999/fk41LeUoFMfpYGUD	dg.4503/20efb98c-6f69-4aa5-9bb2-2853687a9e5c	9396a9552c83487f909ff1156ede7ff9		dos://dos.commons.ucsc-cgp.org/20efb98c-6f69-4aa5-9bb2-2853687a9e5c?version=2018-05-26T133721.144522Z	cram	c50f15182ef3bec7fd6341546f9815ee	Argon	
NWD422016	NA19238	Broad	gs://topmed-irc-share/public/NWD422016.recab.cram.crai	s3://cgp-commons-public/topmed_open_access/43029e62-c71a-5c41-a84a-da0795a16122/NWD422016.recab.cram.crai	ark:/99999/fk41LeUoFMfpYGUD	dg.4503/cb9d9c52-ef52-4f5c-8b89-6263ab9193a3	5bfcf0de6953486e942841329d46817c		dos://dos.commons.ucsc-cgp.org/cb9d9c52-ef52-4f5c-8b89-6263ab9193a3?version=2018-05-26T134316.742458Z	crai	5a7021cf60078d61ead9d6993f3f9f89	Argon	
NWD428511	NA12878	Illumina	gs://topmed-irc-share/public/NWD428511.recab.cram	s3://cgp-commons-public/topmed_open_access/ca226d5f-f124-5058-97fa-44668716dfc1/NWD428511.recab.cram	ark:/99999/fk437O5hSWq4QlA	dg.4503/10734716-f251-405f-869f-15b104394cff	0da1eeb1aef84b1e9959248e2392b00b		dos://dos.commons.ucsc-cgp.org/10734716-f251-405f-869f-15b104394cff?version=2018-05-26T133721.224367Z	cram	54416774e9bf19a76abfb9a1371a6ec9	Argon	
NWD428511	NA12878	Illumina	gs://topmed-irc-share/public/NWD428511.recab.cram.crai	s3://cgp-commons-public/topmed_open_access/ca226d5f-f124-5058-97fa-44668716dfc1/NWD428511.recab.cram.crai	ark:/99999/fk437O5hSWq4QlA	dg.4503/6463ed38-cebf-4082-aa64-a367036709e4	e04b16d41462466b85948507563c0d8b		dos://dos.commons.ucsc-cgp.org/6463ed38-cebf-4082-aa64-a367036709e4?version=2018-05-26T134316.804029Z	crai	9ba6256db455bbfd9a5aef0cddc6ef86	Argon	
NWD433038	NA12878	UW	gs://topmed-irc-share/public/NWD433038.recab.cram	s3://cgp-commons-public/topmed_open_access/619d8595-e9dc-5f73-b76b-0dee62e58276/NWD433038.recab.cram	ark:/99999/fk4Yd7GqftvGoec	dg.4503/e67e7e9b-0b79-4685-a019-6295f7355e4a	1fd34e331b01421481a7d612d9682243		dos://dos.commons.ucsc-cgp.org/e67e7e9b-0b79-4685-a019-6295f7355e4a?version=2018-05-26T133721.285613Z	cram	a31410a6f0403feb34cffaa4ccc9ed4a	Argon	
NWD433038	NA12878	UW	gs://topmed-irc-share/public/NWD433038.recab.cram.crai	s3://cgp-commons-public/topmed_open_access/619d8595-e9dc-5f73-b76b-0dee62e58276/NWD433038.recab.cram.crai	ark:/99999/fk4Yd7GqftvGoec	dg.4503/142040f6-7d6a-40b9-af9e-5c288263686e	5ce0435159cc4e8eb3b9897182f40dd7		dos://dos.commons.ucsc-cgp.org/142040f6-7d6a-40b9-af9e-5c288263686e?version=2018-05-26T134316.866151Z	crai	f8d17754d7612ed78b2ffceca1340ef2	Argon	
NWD434806	NA12878	Baylor	gs://topmed-irc-share/public/NWD434806.recab.cram	s3://cgp-commons-public/topmed_open_access/a37affc9-2138-5d29-bb26-b237d773b843/NWD434806.recab.cram	ark:/99999/fk41MlhyNyWPZ60o	dg.4503/18349f46-e944-462d-b1fd-d25b2ffb0258	1d3636af15f24e5a91fc839752489292		dos://dos.commons.ucsc-cgp.org/18349f46-e944-462d-b1fd-d25b2ffb0258?version=2018-05-26T133721.344777Z	cram	9f646e857d60aeef3180510e391bec32	Argon	
NWD434806	NA12878	Baylor	gs://topmed-irc-share/public/NWD434806.recab.cram.crai	s3://cgp-commons-public/topmed_open_access/a37affc9-2138-5d29-bb26-b237d773b843/NWD434806.recab.cram.crai	ark:/99999/fk41MlhyNyWPZ60o	dg.4503/b973edea-0b53-4161-8c24-99ac25a39a2e	031a1fdc1c1a4816bb573b425b5ff040		dos://dos.commons.ucsc-cgp.org/b973edea-0b53-4161-8c24-99ac25a39a2e?version=2018-05-26T134316.928606Z	crai	ae3585109414fc53e610d399d9ecd721	Argon	
NWD444824	NA19238	Baylor	gs://topmed-irc-share/public/NWD444824.recab.cram	s3://cgp-commons-public/topmed_open_access/0a5f13d7-a1f5-55f6-994f-48f252ac61c7/NWD444824.recab.cram	ark:/99999/fk46KsmPEO7knZN	dg.4503/4ca0ea1c-fcbd-4ea5-9798-6ea957ced3a3	e8a6c180fb6c44299d401af191f7dbaa		dos://dos.commons.ucsc-cgp.org/4ca0ea1c-fcbd-4ea5-9798-6ea957ced3a3?version=2018-05-26T133721.405122Z	cram	f16db94ae3c1ec5d87b0636fcb82d6cc	Argon	
NWD444824	NA19238	Baylor	gs://topmed-irc-share/public/NWD444824.recab.cram.crai	s3://cgp-commons-public/topmed_open_access/0a5f13d7-a1f5-55f6-994f-48f252ac61c7/NWD444824.recab.cram.crai	ark:/99999/fk46KsmPEO7knZN	dg.4503/17ce8193-0182-4a4c-89a4-9af9e48fac8e	aff422389a544db9a2466d42d3c32e6b		dos://dos.commons.ucsc-cgp.org/17ce8193-0182-4a4c-89a4-9af9e48fac8e?version=2018-05-26T134316.990945Z	crai	21297cc6fdee481321adf0c93701ea1d	Argon	
NWD446684	NA19238	Illumina	gs://topmed-irc-share/public/NWD446684.recab.cram	s3://cgp-commons-public/topmed_open_access/53ae11a8-ef4d-5aa6-9227-f372b422f5a1/NWD446684.recab.cram	ark:/99999/fk4j2MyCLKazfoA	dg.4503/77a90cd8-9e71-4125-9154-076bcc26e589	d97ed61cc23e42e19c153ec015ff960b		dos://dos.commons.ucsc-cgp.org/77a90cd8-9e71-4125-9154-076bcc26e589?version=2018-05-26T133721.466909Z	cram	ba3c3d9bba5994f1dfb73c408915a159	Argon	
NWD446684	NA19238	Illumina	gs://topmed-irc-share/public/NWD446684.recab.cram.crai	s3://cgp-commons-public/topmed_open_access/53ae11a8-ef4d-5aa6-9227-f372b422f5a1/NWD446684.recab.cram.crai	ark:/99999/fk4j2MyCLKazfoA	dg.4503/1aad0eb6-0d89-4fdd-976c-f9aa248fc88c	ec9ce528e112443faba5e49cc4d2b122		dos://dos.commons.ucsc-cgp.org/1aad0eb6-0d89-4fdd-976c-f9aa248fc88c?version=2018-05-26T134317.056861Z	crai	bf140ba9778dd091d533c59d888c4463	Argon	
NWD455342	NA19238	UW	gs://topmed-irc-share/public/NWD455342.recab.cram	s3://cgp-commons-public/topmed_open_access/711e55a4-c3e9-50af-8a85-41829fb84cae/NWD455342.recab.cram	ark:/99999/fk4aKPm7MOLBn79	dg.4503/4d427aa3-5640-4f00-81ae-c33443f84acf	d50d5f50d0c345d1b35204cf32955151		dos://dos.commons.ucsc-cgp.org/4d427aa3-5640-4f00-81ae-c33443f84acf?version=2018-05-26T133721.525626Z	cram	3c7bee51a892e6561359812f62655472	Calcium	4f2eb8ec14e6c4012c43ce4e398679d3
NWD455342	NA19238	UW	gs://topmed-irc-share/public/NWD455342.recab.cram.crai	s3://cgp-commons-public/topmed_open_access/711e55a4-c3e9-50af-8a85-41829fb84cae/NWD455342.recab.cram.crai	ark:/99999/fk4aKPm7MOLBn79	dg.4503/226686cf-22c9-4472-9f79-7a0b0044f253	be7befe10c144c5d912355d1a3cdcc23		dos://dos.commons.ucsc-cgp.org/226686cf-22c9-4472-9f79-7a0b0044f253?version=2018-05-26T134317.122763Z	crai	aebcca76d984f767face11b80adcf2db	Calcium	
NWD463423	HG01249	NYGC	gs://topmed-irc-share/public/NWD463423.recab.cram	s3://cgp-commons-public/topmed_open_access/8f5cf669-b1a9-5f00-a726-18de8fb46fb6/NWD463423.recab.cram	ark:/99999/fk49aOpGmkdFEl1	dg.4503/7e935fce-5d51-4691-9ef0-f74765fecb75	19f7adfaa6c0462795e9fe27a0755542		dos://dos.commons.ucsc-cgp.org/7e935fce-5d51-4691-9ef0-f74765fecb75?version=2018-05-26T133721.585702Z	cram	89744f366e419e0ba44ad7f20aa0a606	Calcium	190777a029b0084e521571b5c1ab52db
NWD463423	HG01249	NYGC	gs://topmed-irc-share/public/NWD463423.recab.cram.crai	s3://cgp-commons-public/topmed_open_access/8f5cf669-b1a9-5f00-a726-18de8fb46fb6/NWD463423.recab.cram.crai	ark:/99999/fk49aOpGmkdFEl1	dg.4503/b7f70d3b-b660-4537-97ba-0b352ea4a5dd	7b67f80f7dfa46da997a9de9dcb8ffcd		dos://dos.commons.ucsc-cgp.org/b7f70d3b-b660-4537-97ba-0b352ea4a5dd?version=2018-05-26T134317.185079Z	crai	cd8326bd93c9f99b1ec922fc6f16670e	Calcium	
NWD465900	NA19238	Broad	gs://topmed-irc-share/public/NWD465900.recab.cram	s3://cgp-commons-public/topmed_open_access/c3524a5a-ac23-5a75-9004-8f19ee3d0100/NWD465900.recab.cram	ark:/99999/fk41H6tzvIwrU4Lu	dg.4503/3333f347-fcd1-4d44-926f-416dc264e699	/bba69ba29fa0460ca8bc4f98fa0c04c9		dos://dos.commons.ucsc-cgp.org/3333f347-fcd1-4d44-926f-416dc264e699?version=2018-05-26T133721.648310Z	cram	0e50a4643166261ed442a90d7fe981c1	Calcium	c309b1b1f27ff2cc3ef26076a8592581
NWD465900	NA19238	Broad	gs://topmed-irc-share/public/NWD465900.recab.cram.crai	s3://cgp-commons-public/topmed_open_access/c3524a5a-ac23-5a75-9004-8f19ee3d0100/NWD465900.recab.cram.crai	ark:/99999/fk41H6tzvIwrU4Lu	dg.4503/f951e449-a2e3-4ead-bd1c-ee2e9d2287c4	a74a3457cc3f499ab542f7b4eadf9af1		dos://dos.commons.ucsc-cgp.org/f951e449-a2e3-4ead-bd1c-ee2e9d2287c4?version=2018-05-26T134317.248806Z	crai	16cef10bcee60df0c92f9576cfb9fc72	Calcium	
NWD470340	NA12878	UW	gs://topmed-irc-share/public/NWD470340.recab.cram	s3://cgp-commons-public/topmed_open_access/9ac0f570-1dd4-5f13-b146-23cfd2d728fa/NWD470340.recab.cram	ark:/99999/fk4jysWmNLNoKzR	dg.4503/2e4478fc-8f5e-454e-a9e4-57eaacfa47a6	8898d6e68116409cae24e406f7b924c6		dos://dos.commons.ucsc-cgp.org/2e4478fc-8f5e-454e-a9e4-57eaacfa47a6?version=2018-05-26T133721.711159Z	cram	5e7d55ce0e71c1e6aaac8ecf5decd00c	Calcium	6398a9ec6f37fe3c33b9a9a7034dfb3a
NWD470340	NA12878	UW	gs://topmed-irc-share/public/NWD470340.recab.cram.crai	s3://cgp-commons-public/topmed_open_access/9ac0f570-1dd4-5f13-b146-23cfd2d728fa/NWD470340.recab.cram.crai	ark:/99999/fk4jysWmNLNoKzR	dg.4503/73eb9158-d096-44df-898c-297ee43b093d	fd87e16b113d47e3abe4e4d2d0468a0f		dos://dos.commons.ucsc-cgp.org/73eb9158-d096-44df-898c-297ee43b093d?version=2018-05-26T134317.312346Z	crai	c28362d8200c2fe7667cd3839a4e9e9f	Calcium	
NWD479955	NA12878	Broad	gs://topmed-irc-share/public/NWD479955.recab.cram	s3://cgp-commons-public/topmed_open_access/f8232b19-9e07-534d-ba2e-86cd4a38987c/NWD479955.recab.cram	ark:/99999/fk41QdvZlGS0EjUW	dg.4503/e0de2cbd-d013-4f1d-a2d0-bc34064e8238	80d9a8c6a2874651b6fa2046098e44d7		dos://dos.commons.ucsc-cgp.org/e0de2cbd-d013-4f1d-a2d0-bc34064e8238?version=2018-05-26T133721.772849Z	cram	7be536a65848e0ff1593d4af6e21c084	Calcium	660d85c024a3b990f697b778a4f7bf2a
NWD479955	NA12878	Broad	gs://topmed-irc-share/public/NWD479955.recab.cram.crai	s3://cgp-commons-public/topmed_open_access/f8232b19-9e07-534d-ba2e-86cd4a38987c/NWD479955.recab.cram.crai	ark:/99999/fk41QdvZlGS0EjUW	dg.4503/dd26affb-ff70-4e6a-ba7d-3b5638492e80	a10bff8adadf476da2b9ce8a59f2d50c		dos://dos.commons.ucsc-cgp.org/dd26affb-ff70-4e6a-ba7d-3b5638492e80?version=2018-05-26T134317.378037Z	crai	58c35ed48b19c62ed987763b7168006b	Calcium	
NWD480514	NA19238	Broad	gs://topmed-irc-share/public/NWD480514.recab.cram	s3://cgp-commons-public/topmed_open_access/1111ec7b-675d-5c00-8aa4-7eea28f2b846/NWD480514.recab.cram	ark:/99999/fk41KjKFbkFpJHND	dg.4503/1465f7b2-1586-46ec-a3ec-09c3edd0afc9	1fdf13896811464496c7361029bc77fb		dos://dos.commons.ucsc-cgp.org/1465f7b2-1586-46ec-a3ec-09c3edd0afc9?version=2018-05-26T133721.835904Z	cram	e3e1533f67ea2139796f1cbcd2a6b297	Calcium	dc53d44d8d03c2f77f2e9142ad729f40
NWD480514	NA19238	Broad	gs://topmed-irc-share/public/NWD480514.recab.cram.crai	s3://cgp-commons-public/topmed_open_access/1111ec7b-675d-5c00-8aa4-7eea28f2b846/NWD480514.recab.cram.crai	ark:/99999/fk41KjKFbkFpJHND	dg.4503/b1266976-fd47-4a32-a7f4-d367d545abb2	642f43d8d89d45fc9a37f7e368e2ebda		dos://dos.commons.ucsc-cgp.org/b1266976-fd47-4a32-a7f4-d367d545abb2?version=2018-05-26T134317.443990Z	crai	2f160ab47e55d0e2f51b19264f917a30	Calcium	
NWD490850	NA19238	UW	gs://topmed-irc-share/public/NWD490850.recab.cram	s3://cgp-commons-public/topmed_open_access/e259d394-9382-5cbd-bdf1-5122fad69e54/NWD490850.recab.cram	ark:/99999/fk41GT7PfP1MX1v	dg.4503/d98d4cc9-ab9e-4bbe-8540-66e93cd5061e	d2444f2cf0174814ac5beead38f10928		dos://dos.commons.ucsc-cgp.org/d98d4cc9-ab9e-4bbe-8540-66e93cd5061e?version=2018-05-26T133721.898614Z	cram	24a0c6058a1af43f73b81d93b8f643ee	Calcium	f5ae03ba70b1b681bd16ebed1a027d67
NWD490850	NA19238	UW	gs://topmed-irc-share/public/NWD490850.recab.cram.crai	s3://cgp-commons-public/topmed_open_access/e259d394-9382-5cbd-bdf1-5122fad69e54/NWD490850.recab.cram.crai	ark:/99999/fk41GT7PfP1MX1v	dg.4503/19b258a9-9f6e-478b-ad68-3c978bf1da67	b815b804926541f8a96670869fb63bf5		dos://dos.commons.ucsc-cgp.org/19b258a9-9f6e-478b-ad68-3c978bf1da67?version=2018-05-26T134317.508919Z	crai	a1b077032c4c4b71b805c1358761e053	Calcium	
NWD492101	HG01249	Baylor	gs://topmed-irc-share/public/NWD492101.recab.cram	s3://cgp-commons-public/topmed_open_access/e349610e-2214-5df6-a3fe-09928eff4d6a/NWD492101.recab.cram	ark:/99999/fk41HtPEGRmHQMdM	dg.4503/2f909987-1a02-488e-8f72-ea85f3466892	4bdab34625ef40f793800742f9326784		dos://dos.commons.ucsc-cgp.org/2f909987-1a02-488e-8f72-ea85f3466892?version=2018-05-26T133721.959784Z	cram	74ac6feea8126382d0ba2613a06665e5	Calcium	9f55221c3d56fa635dd6a6e26879b4f1
NWD492101	HG01249	Baylor	gs://topmed-irc-share/public/NWD492101.recab.cram.crai	s3://cgp-commons-public/topmed_open_access/e349610e-2214-5df6-a3fe-09928eff4d6a/NWD492101.recab.cram.crai	ark:/99999/fk41HtPEGRmHQMdM	dg.4503/f58d45b9-3010-4bed-8785-232c08f0c5be	3d83b715babb41e693824aebd530a891		dos://dos.commons.ucsc-cgp.org/f58d45b9-3010-4bed-8785-232c08f0c5be?version=2018-05-26T134317.572418Z	crai	607ecc8ccbf85e966aa7114111f24e27	Calcium	
NWD495157	HG01111	Broad	gs://topmed-irc-share/public/NWD495157.recab.cram	s3://cgp-commons-public/topmed_open_access/7cb8741a-4601-5449-ad8f-fb542c72c42d/NWD495157.recab.cram	ark:/99999/fk43x1MXQYFBcGl	dg.4503/edc37b4e-e1e3-4e7e-aa24-58069947856d	6424223c662c403fb7b74e37605a8540		dos://dos.commons.ucsc-cgp.org/edc37b4e-e1e3-4e7e-aa24-58069947856d?version=2018-05-26T133722.019885Z	cram	ae7edf5464fc21a10ae96fed389fc12d	Calcium	e266e81ab2b43b5f4bc999cccb4b56aa
NWD495157	HG01111	Broad	gs://topmed-irc-share/public/NWD495157.recab.cram.crai	s3://cgp-commons-public/topmed_open_access/7cb8741a-4601-5449-ad8f-fb542c72c42d/NWD495157.recab.cram.crai	ark:/99999/fk43x1MXQYFBcGl	dg.4503/77bb291f-ea41-40a5-98c0-e94da7defa96	9214e8302f724774ae2059fd800bdc23		dos://dos.commons.ucsc-cgp.org/77bb291f-ea41-40a5-98c0-e94da7defa96?version=2018-05-26T134317.633575Z	crai	26cad1d5998d38f18f3c8fdf683d81f7	Calcium	
NWD496530	NA12878	Broad	gs://topmed-irc-share/public/NWD496530.recab.cram	s3://cgp-commons-public/topmed_open_access/5c16f6ef-62fe-55c0-b680-f24fadf1edd1/NWD496530.recab.cram	ark:/99999/fk4UvQxVj7uZqHA	dg.4503/4360a983-39a9-4561-bccb-b832762155f1	98daca82909f4f93a8d3fbc4556be912		dos://dos.commons.ucsc-cgp.org/4360a983-39a9-4561-bccb-b832762155f1?version=2018-05-26T133722.080589Z	cram	2dc0ef2ee0bbd14610c603cd96a078b1	Calcium	dc9a2f3a61c41e3d7f05810251737d30
NWD496530	NA12878	Broad	gs://topmed-irc-share/public/NWD496530.recab.cram.crai	s3://cgp-commons-public/topmed_open_access/5c16f6ef-62fe-55c0-b680-f24fadf1edd1/NWD496530.recab.cram.crai	ark:/99999/fk4UvQxVj7uZqHA	dg.4503/caef27e9-89f7-4f78-b60a-16f3e9578a31	69c4477f22ad4e5ea851e0a4be1acabd		dos://dos.commons.ucsc-cgp.org/caef27e9-89f7-4f78-b60a-16f3e9578a31?version=2018-05-26T134317.695928Z	crai	5ec16daf37e7b43833062297e8b9d176	Calcium	
NWD502718	NA19238	NYGC	gs://topmed-irc-share/public/NWD502718.recab.cram	s3://cgp-commons-public/topmed_open_access/569e282f-3e8c-5dc0-b49e-a6bf72a17e1d/NWD502718.recab.cram	ark:/99999/fk4TUh4k11OQDsm	dg.4503/c05d664a-8e89-48fc-8ddc-b075ec903dd7	223a24a19cb845de8f643fe14da73557		dos://dos.commons.ucsc-cgp.org/c05d664a-8e89-48fc-8ddc-b075ec903dd7?version=2018-05-26T133722.149737Z	cram	e615d449d2e4d931e2095a2a207fb88b	Calcium	2e893b1b2af1a21de8bdacfebf672957
NWD502718	NA19238	NYGC	gs://topmed-irc-share/public/NWD502718.recab.cram.crai	s3://cgp-commons-public/topmed_open_access/569e282f-3e8c-5dc0-b49e-a6bf72a17e1d/NWD502718.recab.cram.crai	ark:/99999/fk4TUh4k11OQDsm	dg.4503/f53c3972-445a-4adc-a559-1576bc24abb6	d57eccc6a4d1465a88f5522da7a3a92b		dos://dos.commons.ucsc-cgp.org/f53c3972-445a-4adc-a559-1576bc24abb6?version=2018-05-26T134317.757618Z	crai	82870b42c81889fa063df3a7504ef1bd	Calcium	
NWD512755	NA12878	NYGC	gs://topmed-irc-share/public/NWD512755.recab.cram	s3://cgp-commons-public/topmed_open_access/51bfca7e-4180-51b7-aafc-a13c730723a6/NWD512755.recab.cram	ark:/99999/fk41AX41v2b7EugF	dg.4503/d204065f-4a7f-4c02-bad8-5ee149f2f468	0ebf2640838542879a69debe0472f43f		dos://dos.commons.ucsc-cgp.org/d204065f-4a7f-4c02-bad8-5ee149f2f468?version=2018-05-26T133722.208590Z	cram	ca265a56639f47725c74c830149fc78b	Calcium	2e8271529558a37e80562558f5aafe7b
NWD512755	NA12878	NYGC	gs://topmed-irc-share/public/NWD512755.recab.cram.crai	s3://cgp-commons-public/topmed_open_access/51bfca7e-4180-51b7-aafc-a13c730723a6/NWD512755.recab.cram.crai	ark:/99999/fk41AX41v2b7EugF	dg.4503/f0e622f9-c8b0-4759-a4c3-3a83491bf76e	3cab337d081a4de5991c12562ade6de3		dos://dos.commons.ucsc-cgp.org/f0e622f9-c8b0-4759-a4c3-3a83491bf76e?version=2018-05-26T134317.819978Z	crai	b4dcd01b0e1fedd8be419825908581c2	Calcium	
NWD518110	NA19238	UW	gs://topmed-irc-share/public/NWD518110.recab.cram	s3://cgp-commons-public/topmed_open_access/d77f88ac-e7c1-5ab5-b598-c83468a84605/NWD518110.recab.cram	ark:/99999/fk4XfzsHqxZX77z	dg.4503/1eb90382-09cd-4b98-8771-7fb85b944598	cbdccac22b7b4b3cbd09ad5621188246		dos://dos.commons.ucsc-cgp.org/1eb90382-09cd-4b98-8771-7fb85b944598?version=2018-05-26T133722.269802Z	cram	2c82bf427703624ffcdb7a25c1f5fa01	Calcium	319081ad69694e38b02c79b31655ce3b
NWD518110	NA19238	UW	gs://topmed-irc-share/public/NWD518110.recab.cram.crai	s3://cgp-commons-public/topmed_open_access/d77f88ac-e7c1-5ab5-b598-c83468a84605/NWD518110.recab.cram.crai	ark:/99999/fk4XfzsHqxZX77z	dg.4503/e9244439-3dde-4793-97b9-0dddba51b8f6	e2eb5cdf994940f0b48c609953fed992		dos://dos.commons.ucsc-cgp.org/e9244439-3dde-4793-97b9-0dddba51b8f6?version=2018-05-26T134317.886431Z	crai	81fa87e1b0b0f2c120fc43558ba1d15b	Calcium	
NWD524030	NA19238	Baylor	gs://topmed-irc-share/public/NWD524030.recab.cram	s3://cgp-commons-public/topmed_open_access/0f0ab08f-9c18-57a1-808c-f48945685982/NWD524030.recab.cram	ark:/99999/fk4praNloJ8Vm1g	dg.4503/5496803e-ea7c-4188-ad50-d6a09f16d564	d4103eaef8584ec69be6d3c985d6f6aa		dos://dos.commons.ucsc-cgp.org/5496803e-ea7c-4188-ad50-d6a09f16d564?version=2018-05-26T133722.331027Z	cram	1cacc95ca5d0f928d57aaac59c3a87e7	Calcium	13c8b12f6fc101f4130f4123386e6f0e
NWD524030	NA19238	Baylor	gs://topmed-irc-share/public/NWD524030.recab.cram.crai	s3://cgp-commons-public/topmed_open_access/0f0ab08f-9c18-57a1-808c-f48945685982/NWD524030.recab.cram.crai	ark:/99999/fk4praNloJ8Vm1g	dg.4503/827949f6-e830-4b15-90bd-7587fc4f538c	30247b0bfb7f47c6bc142e9877680537		dos://dos.commons.ucsc-cgp.org/827949f6-e830-4b15-90bd-7587fc4f538c?version=2018-05-26T134317.951950Z	crai	b74545c51c04c11ee035622eaf98a4e5	Calcium	
NWD535753	NA12878	Broad	gs://topmed-irc-share/public/NWD535753.recab.cram	s3://cgp-commons-public/topmed_open_access/535cc096-1933-5ce9-8ab7-92e8f7d01069/NWD535753.recab.cram	ark:/99999/fk4GDV9AJ20t2lM	dg.4503/f27efc60-113a-40fc-bf69-43291b7bfa1a	b3159b6cdbdf41ca91f97a7a2b05beca		dos://dos.commons.ucsc-cgp.org/f27efc60-113a-40fc-bf69-43291b7bfa1a?version=2018-05-26T133722.394759Z	cram	d63b713b54ce42d9f0a765b88517ae3a	Calcium	e0068737cb4778692174d27304499e42
NWD535753	NA12878	Broad	gs://topmed-irc-share/public/NWD535753.recab.cram.crai	s3://cgp-commons-public/topmed_open_access/535cc096-1933-5ce9-8ab7-92e8f7d01069/NWD535753.recab.cram.crai	ark:/99999/fk4GDV9AJ20t2lM	dg.4503/527652bf-7324-474f-8513-2cb4dd6163ca	fd1ff3c218254e9cb9316e896246ba88		dos://dos.commons.ucsc-cgp.org/527652bf-7324-474f-8513-2cb4dd6163ca?version=2018-05-26T134318.014659Z	crai	f051f80ab2bb2dece9d97a8861eefd9c	Calcium	
NWD548310	NA12878	Baylor	gs://topmed-irc-share/public/NWD548310.recab.cram	s3://cgp-commons-public/topmed_open_access/32ad73a6-a714-5467-b89c-ba09034ea9e0/NWD548310.recab.cram	ark:/99999/fk4osYYbcNQZu4V	dg.4503/4a157946-d73e-4fec-87cd-0565c7e94462	82e9b2674fe54a418fbe6dc2bfe4aac0		dos://dos.commons.ucsc-cgp.org/4a157946-d73e-4fec-87cd-0565c7e94462?version=2018-05-26T133722.457966Z	cram	140c79cdc6a0aac8f567925734e9e89f	Calcium	e14c55327c018b3c838fb0b7f460b4fe
NWD548310	NA12878	Baylor	gs://topmed-irc-share/public/NWD548310.recab.cram.crai	s3://cgp-commons-public/topmed_open_access/32ad73a6-a714-5467-b89c-ba09034ea9e0/NWD548310.recab.cram.crai	ark:/99999/fk4osYYbcNQZu4V	dg.4503/36e9a65c-da44-4f9a-b22a-95ebd3f46976	b713b263aa6b494ca8b759482afa4c8b		dos://dos.commons.ucsc-cgp.org/36e9a65c-da44-4f9a-b22a-95ebd3f46976?version=2018-05-26T134318.078196Z	crai	8b1a1124d81633edb0bcba802f3423c9	Calcium	
NWD578417	NA12878	UW	gs://topmed-irc-share/public/NWD578417.recab.cram	s3://cgp-commons-public/topmed_open_access/139f30ba-62d3-50fb-9177-ab3d370e29f8/NWD578417.recab.cram	ark:/99999/fk4ur0kdu2U255b	dg.4503/5e1e33cf-46e1-4d3b-8973-73d5141ff362	1e702bf0fd5944b18963fdcd9b132aee		dos://dos.commons.ucsc-cgp.org/5e1e33cf-46e1-4d3b-8973-73d5141ff362?version=2018-05-26T133722.525286Z	cram	4d3db57cb88604b8e954ea048ff860a4	Calcium	71c6d2807eece80bba1b5b3770b98334
NWD578417	NA12878	UW	gs://topmed-irc-share/public/NWD578417.recab.cram.crai	s3://cgp-commons-public/topmed_open_access/139f30ba-62d3-50fb-9177-ab3d370e29f8/NWD578417.recab.cram.crai	ark:/99999/fk4ur0kdu2U255b	dg.4503/9626bdfb-1bc2-4dff-afaf-c6af2ee4190a	7a68c3ab55ad409ea2ce5c74039cee7e		dos://dos.commons.ucsc-cgp.org/9626bdfb-1bc2-4dff-afaf-c6af2ee4190a?version=2018-05-26T134318.143152Z	crai	327ee0c5c1f606ce22a753d82b76285e	Calcium	
NWD578584	NA19238	Broad	gs://topmed-irc-share/public/NWD578584.recab.cram	s3://cgp-commons-public/topmed_open_access/b18e8670-ad64-5b4a-ae94-ea75acbb766c/NWD578584.recab.cram	ark:/99999/fk49h7XXmh01Bvh	dg.4503/3c1cb11c-7d82-4fa6-82a1-4d01c090947c	7afffd6694eb4fc0955e7da5cfbaabf5		dos://dos.commons.ucsc-cgp.org/3c1cb11c-7d82-4fa6-82a1-4d01c090947c?version=2018-05-26T133722.586519Z	cram	f80a91d48af2a345983022d30a7c89c8	Calcium	12ee6c487b8c0348c8a28d7a681e752b
NWD578584	NA19238	Broad	gs://topmed-irc-share/public/NWD578584.recab.cram.crai	s3://cgp-commons-public/topmed_open_access/b18e8670-ad64-5b4a-ae94-ea75acbb766c/NWD578584.recab.cram.crai	ark:/99999/fk49h7XXmh01Bvh	dg.4503/e41d4c86-853e-4845-9afa-1381d9ffefde	c32df068ac7e4cf5acefd57b351f530c		dos://dos.commons.ucsc-cgp.org/e41d4c86-853e-4845-9afa-1381d9ffefde?version=2018-05-26T134318.205594Z	crai	e58193361548a63f6b80232304bb39f4	Calcium	
NWD580039	NA12878	Broad	gs://topmed-irc-share/public/NWD580039.recab.cram	s3://cgp-commons-public/topmed_open_access/96c790a1-ebdb-5eff-9b71-b1c114c7f01a/NWD580039.recab.cram	ark:/99999/fk41KzQJxPHEjuMd	dg.4503/81d07e56-9521-407a-b840-b80dd0c291f0	26ee3fbfb6ad4a908a35311017cbe1be		dos://dos.commons.ucsc-cgp.org/81d07e56-9521-407a-b840-b80dd0c291f0?version=2018-05-26T133722.648668Z	cram	9c02f9b2d91059675e59c9485aac7191	Calcium	1e9cf9b86742cfb2fee14afa81f088c6
NWD580039	NA12878	Broad	gs://topmed-irc-share/public/NWD580039.recab.cram.crai	s3://cgp-commons-public/topmed_open_access/96c790a1-ebdb-5eff-9b71-b1c114c7f01a/NWD580039.recab.cram.crai	ark:/99999/fk41KzQJxPHEjuMd	dg.4503/30c41bfb-47d6-414e-ba37-501d6a8be524	e29d1f6469ec43bcb21d4f543b44fe73		dos://dos.commons.ucsc-cgp.org/30c41bfb-47d6-414e-ba37-501d6a8be524?version=2018-05-26T134318.269605Z	crai	6ff240ddf426abdd6d37c4600b61e102	Calcium	
NWD585842	HG01110	Baylor	gs://topmed-irc-share/public/NWD585842.recab.cram	s3://cgp-commons-public/topmed_open_access/2d8cc7e8-f150-555c-b859-2df1ce515212/NWD585842.recab.cram	ark:/99999/fk4G4K3KpQd5Ojr	dg.4503/42dbd125-e1cc-4544-9f36-1a4202e251aa	21a39266a6cd4306b8504b4aa3279f70		dos://dos.commons.ucsc-cgp.org/42dbd125-e1cc-4544-9f36-1a4202e251aa?version=2018-05-26T133722.710720Z	cram	0bbc5a308439f4d369ef9092024237fd	Calcium	7853e080fc3d3e24c9c9032e8b085c90
NWD585842	HG01110	Baylor	gs://topmed-irc-share/public/NWD585842.recab.cram.crai	s3://cgp-commons-public/topmed_open_access/2d8cc7e8-f150-555c-b859-2df1ce515212/NWD585842.recab.cram.crai	ark:/99999/fk4G4K3KpQd5Ojr	dg.4503/7afcc17e-5e3d-4ae0-945c-bb2e0334bb84	ecafa296f23649d98a0c2785050cb8d2		dos://dos.commons.ucsc-cgp.org/7afcc17e-5e3d-4ae0-945c-bb2e0334bb84?version=2018-05-26T134318.332902Z	crai	ec581fe4afe31ee8253dc233651f4059	Calcium	
NWD611564	NA19238	Baylor	gs://topmed-irc-share/public/NWD611564.recab.cram	s3://cgp-commons-public/topmed_open_access/86668e79-a0a0-5bcc-b1fc-c5fb30dbf0d1/NWD611564.recab.cram	ark:/99999/fk4HFfQgIA6EkUm	dg.4503/c5474056-e00c-4274-86ac-d9df1c0d572b	8a844d7da1244c05b9dee95818c1e6d1		dos://dos.commons.ucsc-cgp.org/c5474056-e00c-4274-86ac-d9df1c0d572b?version=2018-05-26T133722.772719Z	cram	eb958526bdd401047f1024ed82e51e00	Calcium	9808695396b3d3f46b13791e3da506af
NWD611564	NA19238	Baylor	gs://topmed-irc-share/public/NWD611564.recab.cram.crai	s3://cgp-commons-public/topmed_open_access/86668e79-a0a0-5bcc-b1fc-c5fb30dbf0d1/NWD611564.recab.cram.crai	ark:/99999/fk4HFfQgIA6EkUm	dg.4503/45c1a477-d24e-4588-b2ec-065890b3e361	d5a98e9aed0342238332ce0f156974b1		dos://dos.commons.ucsc-cgp.org/45c1a477-d24e-4588-b2ec-065890b3e361?version=2018-05-26T134318.397658Z	crai	644deb8f4b4b1ebf2c640e0bdc8249b8	Calcium	
NWD614349	HG01111	WashU	gs://topmed-irc-share/public/NWD614349.recab.cram	s3://cgp-commons-public/topmed_open_access/4d12e16e-c83c-5577-bb72-544b2e24e7d6/NWD614349.recab.cram	ark:/99999/fk41PQfoQ6bmGiXq	dg.4503/e9d23413-a98f-43a6-9454-ecd07a3f4691	9ee915deef2642ac8a703827c0a01d6b		dos://dos.commons.ucsc-cgp.org/e9d23413-a98f-43a6-9454-ecd07a3f4691?version=2018-05-26T133722.833632Z	cram	ab5f867f5e77c0ac79c68034ceb4bd2e	Calcium	e53682bd65263bfe4d5ddd2bdeff279e
NWD614349	HG01111	WashU	gs://topmed-irc-share/public/NWD614349.recab.cram.crai	s3://cgp-commons-public/topmed_open_access/4d12e16e-c83c-5577-bb72-544b2e24e7d6/NWD614349.recab.cram.crai	ark:/99999/fk41PQfoQ6bmGiXq	dg.4503/0d416b72-6737-4552-b65b-290e1e614fe7	7b20ace1518a48558f1b05649f266c53		dos://dos.commons.ucsc-cgp.org/0d416b72-6737-4552-b65b-290e1e614fe7?version=2018-05-26T134318.462435Z	crai	988c8cfdcc277b49368b054f4088ea5e	Calcium	
NWD626020	NA19238	UW	gs://topmed-irc-share/public/NWD626020.recab.cram	s3://cgp-commons-public/topmed_open_access/5a48ab6c-56c3-53d9-8f66-98b09fe3ccf5/NWD626020.recab.cram	ark:/99999/fk41N29CulbkvVz4	dg.4503/18ea450b-d390-4dc6-951e-ce31876c4f80	a6906b4d43224a6d903a6abe8f26802b		dos://dos.commons.ucsc-cgp.org/18ea450b-d390-4dc6-951e-ce31876c4f80?version=2018-05-26T133722.895688Z	cram	937acb27a094e6d066e1fa35907ffaad	Calcium	888ab2fd03036b5387a11d587993a017
NWD626020	NA19238	UW	gs://topmed-irc-share/public/NWD626020.recab.cram.crai	s3://cgp-commons-public/topmed_open_access/5a48ab6c-56c3-53d9-8f66-98b09fe3ccf5/NWD626020.recab.cram.crai	ark:/99999/fk41N29CulbkvVz4	dg.4503/cd0d1391-c3d5-45e0-bba3-6c8e978bb150	9f1f5357a5734429a09fb240b7263832		dos://dos.commons.ucsc-cgp.org/cd0d1391-c3d5-45e0-bba3-6c8e978bb150?version=2018-05-26T134318.530441Z	crai	114a33089721cc1061b60f371c230013	Calcium	
NWD626736	NA19238	Broad	gs://topmed-irc-share/public/NWD626736.recab.cram	s3://cgp-commons-public/topmed_open_access/e4b61c48-fb8c-5b63-8324-74f495f97560/NWD626736.recab.cram	ark:/99999/fk4uOKReoXwqVo4	dg.4503/9b380d5b-3f5a-4774-bcab-e698125bc968	f0bda44ffd8741659453d8a9b4fe04f7		dos://dos.commons.ucsc-cgp.org/9b380d5b-3f5a-4774-bcab-e698125bc968?version=2018-05-26T133722.956904Z	cram	57b6c83422fa4db1c4199178222fa5e5	Calcium	000c08ff18182f8f32d7d4ed837c3829
NWD626736	NA19238	Broad	gs://topmed-irc-share/public/NWD626736.recab.cram.crai	s3://cgp-commons-public/topmed_open_access/e4b61c48-fb8c-5b63-8324-74f495f97560/NWD626736.recab.cram.crai	ark:/99999/fk4uOKReoXwqVo4	dg.4503/34977404-1150-48d4-9051-13d91219b954	afbd57bd006043b09f82db4228dd94a9		dos://dos.commons.ucsc-cgp.org/34977404-1150-48d4-9051-13d91219b954?version=2018-05-26T134318.592303Z	crai	75cb3bb334a3f90bca7c078f99ea859a	Calcium	
NWD635737	HG01111	NYGC	gs://topmed-irc-share/public/NWD635737.recab.cram	s3://cgp-commons-public/topmed_open_access/46e29f86-2983-5658-9f93-5f8aea24a4a2/NWD635737.recab.cram	ark:/99999/fk411VQprTBCSTRL	dg.4503/de7a2c55-f86e-43f6-a959-ca0629ce6f80	dc28646a68534989af08dc09020929db		dos://dos.commons.ucsc-cgp.org/de7a2c55-f86e-43f6-a959-ca0629ce6f80?version=2018-05-26T133723.019615Z	cram	be3b86e00cf51b4e49f40c7b68dad95e	Calcium	54ddab451185cd4303557008ad7d37cd
NWD635737	HG01111	NYGC	gs://topmed-irc-share/public/NWD635737.recab.cram.crai	s3://cgp-commons-public/topmed_open_access/46e29f86-2983-5658-9f93-5f8aea24a4a2/NWD635737.recab.cram.crai	ark:/99999/fk411VQprTBCSTRL	dg.4503/52928f3b-6d7b-49f4-b8f1-18f664206495	034162c1318840bca6e4fc071b9bc4a9		dos://dos.commons.ucsc-cgp.org/52928f3b-6d7b-49f4-b8f1-18f664206495?version=2018-05-26T134318.661210Z	crai	c518afca372739c21bde57b9bb7d4a18	Calcium	
NWD651125	NA19238	Baylor	gs://topmed-irc-share/public/NWD651125.recab.cram	s3://cgp-commons-public/topmed_open_access/492054ee-31e5-5516-ae96-fbba12fbc73d/NWD651125.recab.cram	ark:/99999/fk4L7h3AMALSO4N	dg.4503/0aefb2f4-b89a-4be4-9e40-d28f22fcaff6	3523fe7750d2461b91328735b415e276		dos://dos.commons.ucsc-cgp.org/0aefb2f4-b89a-4be4-9e40-d28f22fcaff6?version=2018-05-26T133723.080237Z	cram	da53b7004fbe21e23e0c801ebc0c9b33	Helium	
NWD651125	NA19238	Baylor	gs://topmed-irc-share/public/NWD651125.recab.cram.crai	s3://cgp-commons-public/topmed_open_access/492054ee-31e5-5516-ae96-fbba12fbc73d/NWD651125.recab.cram.crai	ark:/99999/fk4L7h3AMALSO4N	dg.4503/cc69b3c7-f573-42da-a8e7-4240bf6bdd1b	3c1b1e1cbb974eed8ca4ab1e75bcf3d4		dos://dos.commons.ucsc-cgp.org/cc69b3c7-f573-42da-a8e7-4240bf6bdd1b?version=2018-05-26T134318.729000Z	crai	e68e97d8cdba017ea2244943f13920f4	Helium	
NWD651283	NA19238	Baylor	gs://topmed-irc-share/public/NWD651283.recab.cram	s3://cgp-commons-public/topmed_open_access/5aca4a92-7f22-5d4c-9ca9-d78f643e6922/NWD651283.recab.cram	ark:/99999/fk4BoGE97bhdqiI	dg.4503/b058787e-f883-4fae-84d4-85941342d2ca	c38e1daa07854ec0b5ab6f012da8c69d		dos://dos.commons.ucsc-cgp.org/b058787e-f883-4fae-84d4-85941342d2ca?version=2018-05-26T133723.143131Z	cram	7ef80ed0f53f250123ac2860f199314d	Helium	
NWD651283	NA19238	Baylor	gs://topmed-irc-share/public/NWD651283.recab.cram.crai	s3://cgp-commons-public/topmed_open_access/5aca4a92-7f22-5d4c-9ca9-d78f643e6922/NWD651283.recab.cram.crai	ark:/99999/fk4BoGE97bhdqiI	dg.4503/5e57d972-42f6-4574-9caf-0f585974cad0	a99a1d52673c4e638811f6f36bed53e9		dos://dos.commons.ucsc-cgp.org/5e57d972-42f6-4574-9caf-0f585974cad0?version=2018-05-26T134318.794189Z	crai	5351eb7794e34ee21f05a462b17de713	Helium	
NWD651359	NA19238	NYGC	gs://topmed-irc-share/public/NWD651359.recab.cram	s3://cgp-commons-public/topmed_open_access/9ccf3918-957b-58a5-96db-6edcde33e79a/NWD651359.recab.cram	ark:/99999/fk4zjqj1hsp3u1J	dg.4503/915725b8-71e9-4886-819d-8c357fa70453	8c6dae3aeaba4d0eadfdfcf5d01cbbad		dos://dos.commons.ucsc-cgp.org/915725b8-71e9-4886-819d-8c357fa70453?version=2018-05-26T133723.208133Z	cram	5e3b51845b1167f7d8b1f78953b0ac87	Helium	
NWD651359	NA19238	NYGC	gs://topmed-irc-share/public/NWD651359.recab.cram.crai	s3://cgp-commons-public/topmed_open_access/9ccf3918-957b-58a5-96db-6edcde33e79a/NWD651359.recab.cram.crai	ark:/99999/fk4zjqj1hsp3u1J	dg.4503/e42126b1-1079-44c2-9104-25b259da6fb3	f85f443344704c298a4d97072c843ccf		dos://dos.commons.ucsc-cgp.org/e42126b1-1079-44c2-9104-25b259da6fb3?version=2018-05-26T134318.854827Z	crai	d2fb8f943c737c43eebbf55cb6c37828	Helium	
NWD652050	NA12878	Broad	gs://topmed-irc-share/public/NWD652050.recab.cram	s3://cgp-commons-public/topmed_open_access/631c7444-2d7c-5cdf-acdf-a4f8cb8083de/NWD652050.recab.cram	ark:/99999/fk4W5XoHd5Wev2q	dg.4503/b1bbf219-c3a8-42ea-a839-08ae990c8bac	575e5fb127604ba6aecb845772d31c8b		dos://dos.commons.ucsc-cgp.org/b1bbf219-c3a8-42ea-a839-08ae990c8bac?version=2018-05-26T133723.271951Z	cram	ec8de926c9a787219d530c01ed14c6ca	Helium	
NWD652050	NA12878	Broad	gs://topmed-irc-share/public/NWD652050.recab.cram.crai	s3://cgp-commons-public/topmed_open_access/631c7444-2d7c-5cdf-acdf-a4f8cb8083de/NWD652050.recab.cram.crai	ark:/99999/fk4W5XoHd5Wev2q	dg.4503/cb009b05-392a-4dcb-9e42-a2afeb04e001	cf8c58f31040491eb16cc4dcefb65b92		dos://dos.commons.ucsc-cgp.org/cb009b05-392a-4dcb-9e42-a2afeb04e001?version=2018-05-26T134318.921155Z	crai	63a45f1668933d824697a18d23118b08	Helium	
NWD672633	NA19238	UW	gs://topmed-irc-share/public/NWD672633.recab.cram	s3://cgp-commons-public/topmed_open_access/9373e98e-cbad-53cd-832b-e976b347b10a/NWD672633.recab.cram	ark:/99999/fk411Er7XzjMhHQv	dg.4503/f589da26-3dbb-45d5-8372-b2397b5200b1	f7de1627209c4c379c53fd5668c9e2ae		dos://dos.commons.ucsc-cgp.org/f589da26-3dbb-45d5-8372-b2397b5200b1?version=2018-05-26T133723.334830Z	cram	d6ed3e81438a65d367951d61b8b2e2b3	Helium	
NWD672633	NA19238	UW	gs://topmed-irc-share/public/NWD672633.recab.cram.crai	s3://cgp-commons-public/topmed_open_access/9373e98e-cbad-53cd-832b-e976b347b10a/NWD672633.recab.cram.crai	ark:/99999/fk411Er7XzjMhHQv	dg.4503/3675cb4b-3b52-4967-9f5b-ec4ac56f3d9c	65c89ded733249beb0186d89e1782087		dos://dos.commons.ucsc-cgp.org/3675cb4b-3b52-4967-9f5b-ec4ac56f3d9c?version=2018-05-26T134318.982349Z	crai	10857e829a739829c3b34fe9e4ea3b61	Helium	
NWD677194	NA12878	Broad	gs://topmed-irc-share/public/NWD677194.recab.cram	s3://cgp-commons-public/topmed_open_access/db05ef47-7ec9-58cc-9572-0a594beef090/NWD677194.recab.cram	ark:/99999/fk419UfNXt7JfOSb	dg.4503/fea58a2f-9c37-46ef-ae28-04f97bcf7521	98b64f99cc7442249979254d5ec98bc7		dos://dos.commons.ucsc-cgp.org/fea58a2f-9c37-46ef-ae28-04f97bcf7521?version=2018-05-26T133723.396160Z	cram	849fb4401414803b819b48b45103c092	Helium	
NWD677194	NA12878	Broad	gs://topmed-irc-share/public/NWD677194.recab.cram.crai	s3://cgp-commons-public/topmed_open_access/db05ef47-7ec9-58cc-9572-0a594beef090/NWD677194.recab.cram.crai	ark:/99999/fk419UfNXt7JfOSb	dg.4503/e77b6190-ea18-495c-bc24-a4ec7e2ab149	7f800e8a5444446fac3601c8760bf2f3		dos://dos.commons.ucsc-cgp.org/e77b6190-ea18-495c-bc24-a4ec7e2ab149?version=2018-05-26T134319.044675Z	crai	753fde254a16d0d9e6c2dcbdddcb4df5	Helium	
NWD684137	HG01249	Broad	gs://topmed-irc-share/public/NWD684137.recab.cram	s3://cgp-commons-public/topmed_open_access/3efd9f54-5275-5742-be11-29dc201aceba/NWD684137.recab.cram	ark:/99999/fk4IlLOpcZSGskQ	dg.4503/8f912f6c-d9a4-4888-9098-e6935f84d224	2eec7a3bcbe54d0f9b3d3143f4ddacc8		dos://dos.commons.ucsc-cgp.org/8f912f6c-d9a4-4888-9098-e6935f84d224?version=2018-05-26T133723.457946Z	cram	cfc5e9b64a2a70322a1a3435f5638475	Helium	
NWD684137	HG01249	Broad	gs://topmed-irc-share/public/NWD684137.recab.cram.crai	s3://cgp-commons-public/topmed_open_access/3efd9f54-5275-5742-be11-29dc201aceba/NWD684137.recab.cram.crai	ark:/99999/fk4IlLOpcZSGskQ	dg.4503/9544e018-c896-46b8-8706-45dcd73f5954	5918d95620704a3d95242341d3a1e1db		dos://dos.commons.ucsc-cgp.org/9544e018-c896-46b8-8706-45dcd73f5954?version=2018-05-26T134319.108366Z	crai	8c2b2b1252c6c33eb3632f1a3c2f61fb	Helium	
NWD697767	NA12878	Baylor	gs://topmed-irc-share/public/NWD697767.recab.cram	s3://cgp-commons-public/topmed_open_access/de6e96bf-ed76-512e-8010-45199bd1f44b/NWD697767.recab.cram	ark:/99999/fk4I4la5FJn9Ijw	dg.4503/53231af9-1502-4914-8212-2e1f8686b2bc	cfb1b802268a4868af8df1dd732258f3		dos://dos.commons.ucsc-cgp.org/53231af9-1502-4914-8212-2e1f8686b2bc?version=2018-05-26T133723.521862Z	cram	2997d1bf63625e31da6d2b3a89797076	Helium	
NWD697767	NA12878	Baylor	gs://topmed-irc-share/public/NWD697767.recab.cram.crai	s3://cgp-commons-public/topmed_open_access/de6e96bf-ed76-512e-8010-45199bd1f44b/NWD697767.recab.cram.crai	ark:/99999/fk4I4la5FJn9Ijw	dg.4503/de9fd925-b1d5-4cfb-a71e-0e4143503461	468276c44c51452f9cc7516172b366db		dos://dos.commons.ucsc-cgp.org/de9fd925-b1d5-4cfb-a71e-0e4143503461?version=2018-05-26T134319.174209Z	crai	ca0c8337b82830101d043c0f279f2465	Helium	
NWD704221	NA12878	Broad	gs://topmed-irc-share/public/NWD704221.recab.cram	s3://cgp-commons-public/topmed_open_access/bbdeb0a6-1e2f-584f-a485-c3142744df03/NWD704221.recab.cram	ark:/99999/fk44i0G3cewPuXh	dg.4503/59741055-903d-4f2a-ab8a-783da33ae908	a3d122928bf843d68c5547c6abeb5be0		dos://dos.commons.ucsc-cgp.org/59741055-903d-4f2a-ab8a-783da33ae908?version=2018-05-26T133723.587358Z	cram	bfc69deaf85d3db7b0fbd639debffd61	Helium	
NWD704221	NA12878	Broad	gs://topmed-irc-share/public/NWD704221.recab.cram.crai	s3://cgp-commons-public/topmed_open_access/bbdeb0a6-1e2f-584f-a485-c3142744df03/NWD704221.recab.cram.crai	ark:/99999/fk44i0G3cewPuXh	dg.4503/15e752a2-acfa-435f-b803-e5f96e8c465e	adf7fb4863394dc5923a3c6804ac90fc		dos://dos.commons.ucsc-cgp.org/15e752a2-acfa-435f-b803-e5f96e8c465e?version=2018-05-26T134319.238887Z	crai	c79184340fa06fad064a72b8aecfbfc3	Helium	
NWD714003	NA12878	Broad	gs://topmed-irc-share/public/NWD714003.recab.cram	s3://cgp-commons-public/topmed_open_access/77b7042d-7401-52cb-be48-644742dc6779/NWD714003.recab.cram	ark:/99999/fk4Hfz08iKcIRUO	dg.4503/36550125-bbb8-4a87-b9b2-ac3627450aff	21df60ea5c7249ac9a4c3ce4ca4c2624		dos://dos.commons.ucsc-cgp.org/36550125-bbb8-4a87-b9b2-ac3627450aff?version=2018-05-26T133723.649299Z	cram	0c7ccc71068666cbde77aacb97b2439b	Helium	
NWD714003	NA12878	Broad	gs://topmed-irc-share/public/NWD714003.recab.cram.crai	s3://cgp-commons-public/topmed_open_access/77b7042d-7401-52cb-be48-644742dc6779/NWD714003.recab.cram.crai	ark:/99999/fk4Hfz08iKcIRUO	dg.4503/c46d33ca-c08e-46b1-8dba-357f4ad5f398	c8e50374c82d4ef886d2794ebb01c3a5		dos://dos.commons.ucsc-cgp.org/c46d33ca-c08e-46b1-8dba-357f4ad5f398?version=2018-05-26T134319.303042Z	crai	ba3d3aff7b9a7a8e193ff62435d1d87f	Helium	
NWD716220	NA19238	Broad	gs://topmed-irc-share/public/NWD716220.recab.cram	s3://cgp-commons-public/topmed_open_access/9ca45184-6a9b-56a3-8896-b4ac48beee4b/NWD716220.recab.cram	ark:/99999/fk41EQSYq9snaZE8	dg.4503/a20ec0c3-2cc3-45c4-991f-57a5f1e646de	da47378e26744ad58dec12074aba21d8		dos://dos.commons.ucsc-cgp.org/a20ec0c3-2cc3-45c4-991f-57a5f1e646de?version=2018-05-26T133723.711432Z	cram	e0ad346b88de5cadd604dc96ee1ed6a9	Helium	
NWD716220	NA19238	Broad	gs://topmed-irc-share/public/NWD716220.recab.cram.crai	s3://cgp-commons-public/topmed_open_access/9ca45184-6a9b-56a3-8896-b4ac48beee4b/NWD716220.recab.cram.crai	ark:/99999/fk41EQSYq9snaZE8	dg.4503/222df9ae-1f51-44e4-ac73-dd96abd8ba2d	97442f8d3b7048a68c1bbeea4014c5ba		dos://dos.commons.ucsc-cgp.org/222df9ae-1f51-44e4-ac73-dd96abd8ba2d?version=2018-05-26T134319.365658Z	crai	84f63f430516cf891a4e6e6d3f4ea3c1	Helium	
NWD725484	NA12878	Broad	gs://topmed-irc-share/public/NWD725484.recab.cram	s3://cgp-commons-public/topmed_open_access/3cc72127-3565-5703-b455-06f114f384a9/NWD725484.recab.cram	ark:/99999/fk4SVCp7qCLo484	dg.4503/0717fb19-1b74-43a6-8201-dba271864d75	0734145e59e4466a94feacf5819414a3		dos://dos.commons.ucsc-cgp.org/0717fb19-1b74-43a6-8201-dba271864d75?version=2018-05-26T133723.773675Z	cram	677a263cf0a1e1cfabbe4fe59a66820c	Helium	
NWD725484	NA12878	Broad	gs://topmed-irc-share/public/NWD725484.recab.cram.crai	s3://cgp-commons-public/topmed_open_access/3cc72127-3565-5703-b455-06f114f384a9/NWD725484.recab.cram.crai	ark:/99999/fk4SVCp7qCLo484	dg.4503/a719f85b-831d-48c3-a053-c3234a8ae140	fb5b8c8c911d48649ca9a57aad624f33		dos://dos.commons.ucsc-cgp.org/a719f85b-831d-48c3-a053-c3234a8ae140?version=2018-05-26T134319.428882Z	crai	487fea29e53408d860bd89f54bba2319	Helium	
NWD742333	NA19238	Baylor	gs://topmed-irc-share/public/NWD742333.recab.cram	s3://cgp-commons-public/topmed_open_access/dca54695-c32f-5e68-8a11-1021a3398c7e/NWD742333.recab.cram	ark:/99999/fk41Pyt3fIOCWhFF	dg.4503/7756b803-4edf-459e-9422-dbe36f800b4a	8b3158ec4cee44fdb99437fd17f7b5f2		dos://dos.commons.ucsc-cgp.org/7756b803-4edf-459e-9422-dbe36f800b4a?version=2018-05-26T133723.835302Z	cram	3d870eb818535cfb0c4ed6b2377a7933	Helium	
NWD742333	NA19238	Baylor	gs://topmed-irc-share/public/NWD742333.recab.cram.crai	s3://cgp-commons-public/topmed_open_access/dca54695-c32f-5e68-8a11-1021a3398c7e/NWD742333.recab.cram.crai	ark:/99999/fk41Pyt3fIOCWhFF	dg.4503/a4d00dba-c9cb-45ec-9ff3-6713d1ad43ab	c3e4eb71bfe64855a17d75b83bbf6a40		dos://dos.commons.ucsc-cgp.org/a4d00dba-c9cb-45ec-9ff3-6713d1ad43ab?version=2018-05-26T134319.491678Z	crai	b35c48a553506fc1557205b82983c8e8	Helium	
NWD746396	HG01249	WashU	gs://topmed-irc-share/public/NWD746396.recab.cram	s3://cgp-commons-public/topmed_open_access/777bf8c0-b84e-5a02-beba-c9861ed38c07/NWD746396.recab.cram	ark:/99999/fk41IBbrzGGD050Y	dg.4503/6ec144cf-831b-4eba-8859-ae0d19da73c3	dcaca373555340b0a8f502baad9f83f3		dos://dos.commons.ucsc-cgp.org/6ec144cf-831b-4eba-8859-ae0d19da73c3?version=2018-05-26T133723.897934Z	cram	919987c75a93cce6645bb752314b3e84	Helium	
NWD746396	HG01249	WashU	gs://topmed-irc-share/public/NWD746396.recab.cram.crai	s3://cgp-commons-public/topmed_open_access/777bf8c0-b84e-5a02-beba-c9861ed38c07/NWD746396.recab.cram.crai	ark:/99999/fk41IBbrzGGD050Y	dg.4503/bc4bdd84-9c6e-4321-97b5-c4c9893f096b	f4c3a944aae04449b3de790faa419f80		dos://dos.commons.ucsc-cgp.org/bc4bdd84-9c6e-4321-97b5-c4c9893f096b?version=2018-05-26T134319.554884Z	crai	3be7e401048885d0a3629c8fc0bf7f67	Helium	
NWD754590	NA12878	Broad	gs://topmed-irc-share/public/NWD754590.recab.cram	s3://cgp-commons-public/topmed_open_access/ab9730cc-bc7b-5c59-9355-6481dd3603e9/NWD754590.recab.cram	ark:/99999/fk4y6DvUJ9TZsBd	dg.4503/931be4d6-73fd-422c-bf21-246303804b7c	a9d39373a096439fb96524f9c02f7111		dos://dos.commons.ucsc-cgp.org/931be4d6-73fd-422c-bf21-246303804b7c?version=2018-05-26T133723.961714Z	cram	599431c7288be66e3818c0985edbac85	Helium	
NWD754590	NA12878	Broad	gs://topmed-irc-share/public/NWD754590.recab.cram.crai	s3://cgp-commons-public/topmed_open_access/ab9730cc-bc7b-5c59-9355-6481dd3603e9/NWD754590.recab.cram.crai	ark:/99999/fk4y6DvUJ9TZsBd	dg.4503/41d5ae21-1026-4058-b0f7-da4848f1bf02	3b06c65a1e94473bb5cec4beb232d243		dos://dos.commons.ucsc-cgp.org/41d5ae21-1026-4058-b0f7-da4848f1bf02?version=2018-05-26T134319.619507Z	crai	48489f0d13bfbfee826f06593979cbb6	Helium	
NWD759405	NA19238	Broad	gs://topmed-irc-share/public/NWD759405.recab.cram	s3://cgp-commons-public/topmed_open_access/014a9de5-cb88-5e37-a196-b6e3ab30fff6/NWD759405.recab.cram	ark:/99999/fk4r2xzireNhdox	dg.4503/edb95bb2-9469-4320-85b3-6be2ac96570c	619c20a5099b4ea799f4f69e3f7ecf30		dos://dos.commons.ucsc-cgp.org/edb95bb2-9469-4320-85b3-6be2ac96570c?version=2018-05-26T133724.025820Z	cram	6494e6f71ca926d282fdf6cb8d4529a9	Helium	
NWD759405	NA19238	Broad	gs://topmed-irc-share/public/NWD759405.recab.cram.crai	s3://cgp-commons-public/topmed_open_access/014a9de5-cb88-5e37-a196-b6e3ab30fff6/NWD759405.recab.cram.crai	ark:/99999/fk4r2xzireNhdox	dg.4503/9e336502-3f20-46f3-8143-21b67a5c85b7	834faf52917c4f19b51ef979a547cd08		dos://dos.commons.ucsc-cgp.org/9e336502-3f20-46f3-8143-21b67a5c85b7?version=2018-05-26T134319.681528Z	crai	df52538df058a2b49b68ca6c9d63a18d	Helium	
NWD760327	NA19238	Macrogen	gs://topmed-irc-share/public/NWD760327.recab.cram	s3://cgp-commons-public/topmed_open_access/4596b9ba-f899-5ca7-992c-eef7e804cc2b/NWD760327.recab.cram	ark:/99999/fk4WVrhZQpcr0YO	dg.4503/0ad95965-86a7-4dff-8741-15a48d568311	6a6727274dc34be4b5e3332e856ce8b3		dos://dos.commons.ucsc-cgp.org/0ad95965-86a7-4dff-8741-15a48d568311?version=2018-05-26T133724.088520Z	cram	ceae66f25d1941d1f1739a1fbe22e008	Helium	
NWD760327	NA19238	Macrogen	gs://topmed-irc-share/public/NWD760327.recab.cram.crai	s3://cgp-commons-public/topmed_open_access/4596b9ba-f899-5ca7-992c-eef7e804cc2b/NWD760327.recab.cram.crai	ark:/99999/fk4WVrhZQpcr0YO	dg.4503/d9e2fd62-a9ec-404e-b64c-7383a01fabe0	e771bc994728401a81e6432b10e68f62		dos://dos.commons.ucsc-cgp.org/d9e2fd62-a9ec-404e-b64c-7383a01fabe0?version=2018-05-26T134319.741834Z	crai	efba22449ee04680e2c027f4cbcdaa24	Helium	
NWD761329	NA19238	Broad	gs://topmed-irc-share/public/NWD761329.recab.cram	s3://cgp-commons-public/topmed_open_access/e963c1cf-73d8-57d0-a50f-f7cd40a2de3f/NWD761329.recab.cram	ark:/99999/fk4tRuIDEbrZYnP	dg.4503/6e0ef67d-c6b8-4b4c-b56b-52735f64f9f2	e6e0598567424a3abefc13d51d6d4808		dos://dos.commons.ucsc-cgp.org/6e0ef67d-c6b8-4b4c-b56b-52735f64f9f2?version=2018-05-26T133724.163131Z	cram	284d6f2f6db5990ffc29aa6bb247a4c2	Helium	
NWD761329	NA19238	Broad	gs://topmed-irc-share/public/NWD761329.recab.cram.crai	s3://cgp-commons-public/topmed_open_access/e963c1cf-73d8-57d0-a50f-f7cd40a2de3f/NWD761329.recab.cram.crai	ark:/99999/fk4tRuIDEbrZYnP	dg.4503/47a5b44f-50fa-4e50-b991-d562af315fb9	a2548a81fd374a54b96d7c97b5fb4762		dos://dos.commons.ucsc-cgp.org/47a5b44f-50fa-4e50-b991-d562af315fb9?version=2018-05-26T134319.803340Z	crai	cc0efb65f191cd59329da0c601f1f0f4	Helium	
NWD762682	NA12878	NYGC	gs://topmed-irc-share/public/NWD762682.recab.cram	s3://cgp-commons-public/topmed_open_access/93df4933-27ef-5be9-ad4b-a70a7501c336/NWD762682.recab.cram	ark:/99999/fk4pTmSYcE6fo1C	dg.4503/ed168ef7-fa47-4ec0-91ca-8da017e3a6b5	73a45e682ee048d3ada05fac770e2e68		dos://dos.commons.ucsc-cgp.org/ed168ef7-fa47-4ec0-91ca-8da017e3a6b5?version=2018-05-26T133724.222513Z	cram	8265b6cac3924f4362b7e7aa7a875e18	Helium	
NWD762682	NA12878	NYGC	gs://topmed-irc-share/public/NWD762682.recab.cram.crai	s3://cgp-commons-public/topmed_open_access/93df4933-27ef-5be9-ad4b-a70a7501c336/NWD762682.recab.cram.crai	ark:/99999/fk4pTmSYcE6fo1C	dg.4503/ff7186f0-f9ca-4ec2-b5c0-7fc2eea1af7a	2890b63e23894dfba1ab1419bf7040e6		dos://dos.commons.ucsc-cgp.org/ff7186f0-f9ca-4ec2-b5c0-7fc2eea1af7a?version=2018-05-26T134319.871011Z	crai	1e319ce6841ca0d87fe17b01e83e122b	Helium	
NWD763972	NA19238	UW	gs://topmed-irc-share/public/NWD763972.recab.cram	s3://cgp-commons-public/topmed_open_access/108c3839-a48e-53d8-a765-e7bfa5da6c81/NWD763972.recab.cram	ark:/99999/fk4cKeTiFHgOKfB	dg.4503/edcb3854-2b55-4f9a-ba88-508e0721a37b	d27f5e36d7c64cb5bc4a96d834fee9f0		dos://dos.commons.ucsc-cgp.org/edcb3854-2b55-4f9a-ba88-508e0721a37b?version=2018-05-26T133724.283299Z	cram	cde8877e3e05c4f49778080a949322d6	Helium	
NWD763972	NA19238	UW	gs://topmed-irc-share/public/NWD763972.recab.cram.crai	s3://cgp-commons-public/topmed_open_access/108c3839-a48e-53d8-a765-e7bfa5da6c81/NWD763972.recab.cram.crai	ark:/99999/fk4cKeTiFHgOKfB	dg.4503/8617e42e-9fb8-4670-96c1-bfa977b5a3e8	db0c80d2640841b1b2ab310c4d95d831		dos://dos.commons.ucsc-cgp.org/8617e42e-9fb8-4670-96c1-bfa977b5a3e8?version=2018-05-26T134319.933150Z	crai	53008e8b2a5793676e9e4276a39b471c	Helium	
NWD768309	NA12878	Broad	gs://topmed-irc-share/public/NWD768309.recab.cram	s3://cgp-commons-public/topmed_open_access/1ecf1c35-9e1e-55ef-8f42-71102c3abc33/NWD768309.recab.cram	ark:/99999/fk4OQo4k3bsiuUc	dg.4503/f3b438d9-dd07-4429-aa01-813bc88d54d6	129f7cbbfb1e4ac89c84cbe063ab0eae		dos://dos.commons.ucsc-cgp.org/f3b438d9-dd07-4429-aa01-813bc88d54d6?version=2018-05-26T133724.343976Z	cram	c0051d476a744969854d67040cd0d8de	Helium	
NWD768309	NA12878	Broad	gs://topmed-irc-share/public/NWD768309.recab.cram.crai	s3://cgp-commons-public/topmed_open_access/1ecf1c35-9e1e-55ef-8f42-71102c3abc33/NWD768309.recab.cram.crai	ark:/99999/fk4OQo4k3bsiuUc	dg.4503/19188082-08d7-4ab8-9a2f-ed1b03d64676	9544eb1f28d24e769ec2550103aa0d15		dos://dos.commons.ucsc-cgp.org/19188082-08d7-4ab8-9a2f-ed1b03d64676?version=2018-05-26T134319.996814Z	crai	3918dcc5e0bb2c93fefe3daba4f8eeef	Helium	
NWD768493	NA19238	Broad	gs://topmed-irc-share/public/NWD768493.recab.cram	s3://cgp-commons-public/topmed_open_access/8538959a-84b1-57c3-a46a-abcb45e2d8df/NWD768493.recab.cram	ark:/99999/fk4NRgZmPlsD0ZL	dg.4503/597381a8-0c4f-4f1a-8800-afbd361b12ea	16190056b7b6480d920bb4cd2348ba44		dos://dos.commons.ucsc-cgp.org/597381a8-0c4f-4f1a-8800-afbd361b12ea?version=2018-05-26T133724.408452Z	cram	fceda468f8cd3487c1fa51a4aeaf8b17	Helium	
NWD768493	NA19238	Broad	gs://topmed-irc-share/public/NWD768493.recab.cram.crai	s3://cgp-commons-public/topmed_open_access/8538959a-84b1-57c3-a46a-abcb45e2d8df/NWD768493.recab.cram.crai	ark:/99999/fk4NRgZmPlsD0ZL	dg.4503/7c864237-811d-49b3-8329-da1efa4cacdd	f1c329fb9dab455b9dbf31460aa37fa5		dos://dos.commons.ucsc-cgp.org/7c864237-811d-49b3-8329-da1efa4cacdd?version=2018-05-26T134320.059257Z	crai	05e866e97b3fbb7a81ccd0c0754308b3	Helium	
NWD769626	NA19238	Broad	gs://topmed-irc-share/public/NWD769626.recab.cram	s3://cgp-commons-public/topmed_open_access/a4e46685-bb98-5e9b-aa2d-263f8091ea22/NWD769626.recab.cram	ark:/99999/fk4gUJwXrvA9nqN	dg.4503/818be9aa-1138-48f4-a835-60c8aa417bfc	0d9ff2e1af82431aa247ca9f50482edd		dos://dos.commons.ucsc-cgp.org/818be9aa-1138-48f4-a835-60c8aa417bfc?version=2018-05-26T133724.471148Z	cram	5de64502dd1f28ce6888682b641ab3e6	Helium	
NWD769626	NA19238	Broad	gs://topmed-irc-share/public/NWD769626.recab.cram.crai	s3://cgp-commons-public/topmed_open_access/a4e46685-bb98-5e9b-aa2d-263f8091ea22/NWD769626.recab.cram.crai	ark:/99999/fk4gUJwXrvA9nqN	dg.4503/e6e96bb5-114e-4a0e-be3d-609a82b96953	a64e9c06b1f9404cace9deaacbb936e7		dos://dos.commons.ucsc-cgp.org/e6e96bb5-114e-4a0e-be3d-609a82b96953?version=2018-05-26T134320.130572Z	crai	181dce8a1029da385a5177344893131a	Helium	
NWD778759	NA12878	UW	gs://topmed-irc-share/public/NWD778759.recab.cram	s3://cgp-commons-public/topmed_open_access/5da6f1b9-12e0-5a67-b922-509027ed9025/NWD778759.recab.cram	ark:/99999/fk41CNKt4emBRFMi	dg.4503/2574c9f1-97aa-4ff0-bcb8-830d902ab9ce	be4124fc9e8045eaa76f3b2ffe15e59b		dos://dos.commons.ucsc-cgp.org/2574c9f1-97aa-4ff0-bcb8-830d902ab9ce?version=2018-05-26T133724.538372Z	cram	56f9ecbe0a46f376d4fbed22cbb5d986	Helium	
NWD778759	NA12878	UW	gs://topmed-irc-share/public/NWD778759.recab.cram.crai	s3://cgp-commons-public/topmed_open_access/5da6f1b9-12e0-5a67-b922-509027ed9025/NWD778759.recab.cram.crai	ark:/99999/fk41CNKt4emBRFMi	dg.4503/7bb8d991-dbca-496b-aca6-47a96aa17e7a	6265c09e9c8f4152abd4679706fe17ea		dos://dos.commons.ucsc-cgp.org/7bb8d991-dbca-496b-aca6-47a96aa17e7a?version=2018-05-26T134320.192527Z	crai	ca8fa57bbf7dce5de9517a5ac2f2178b	Helium	
NWD790783	NA12878	Baylor	gs://topmed-irc-share/public/NWD790783.recab.cram	s3://cgp-commons-public/topmed_open_access/4a51ff38-f4ea-5599-b752-8e65724864db/NWD790783.recab.cram	ark:/99999/fk4jQ6wegp9Mv9b	dg.4503/9ab2ad31-97f3-40ed-a0f3-10f83783e663	7e0102f7350b4cb6aab50c6a2bcd8286		dos://dos.commons.ucsc-cgp.org/9ab2ad31-97f3-40ed-a0f3-10f83783e663?version=2018-05-26T133724.600945Z	cram	dee6c6bac7852750bb9a4b804bb75de1	Helium	
NWD790783	NA12878	Baylor	gs://topmed-irc-share/public/NWD790783.recab.cram.crai	s3://cgp-commons-public/topmed_open_access/4a51ff38-f4ea-5599-b752-8e65724864db/NWD790783.recab.cram.crai	ark:/99999/fk4jQ6wegp9Mv9b	dg.4503/81957941-14da-4a1e-bea7-98eaf17561e0	640a7bd75b8d4fada70e88cd444a7a13		dos://dos.commons.ucsc-cgp.org/81957941-14da-4a1e-bea7-98eaf17561e0?version=2018-05-26T134320.256398Z	crai	eea145c27504595a7a050c1ffb71129d	Helium	
NWD791319	NA19238	Baylor	gs://topmed-irc-share/public/NWD791319.recab.cram	s3://cgp-commons-public/topmed_open_access/38a8c550-e233-5c42-b5fe-87ef5b3b41a2/NWD791319.recab.cram	ark:/99999/fk41DYp95XCIi254	dg.4503/4c2789e4-d881-410f-b71c-b17817219448	c547d8e90fbb4cab9e84902339f7a7db		dos://dos.commons.ucsc-cgp.org/4c2789e4-d881-410f-b71c-b17817219448?version=2018-05-26T133724.661664Z	cram	6315166a1ed3e7c6cc04b2108102f05a	Xenon	
NWD791319	NA19238	Baylor	gs://topmed-irc-share/public/NWD791319.recab.cram.crai	s3://cgp-commons-public/topmed_open_access/38a8c550-e233-5c42-b5fe-87ef5b3b41a2/NWD791319.recab.cram.crai	ark:/99999/fk41DYp95XCIi254	dg.4503/26a9da24-e167-4291-9af4-24ae31a5e24b	7feaebb7eb354b2b8cd2d0fb08b277bb		dos://dos.commons.ucsc-cgp.org/26a9da24-e167-4291-9af4-24ae31a5e24b?version=2018-05-26T134320.318906Z	crai	83ec7aba08568885338a0bcaec70ff73	Xenon	
NWD805667	NA19238	Macrogen	gs://topmed-irc-share/public/NWD805667.recab.cram	s3://cgp-commons-public/topmed_open_access/f332c3e8-3d0d-50e0-8438-7af114ae2b3b/NWD805667.recab.cram	ark:/99999/fk4yhgbP6g0Ykkq	dg.4503/e2a71b0f-5b18-4db4-922a-1879c35c234b	d455a9d2c09c489c85d5c36e5f03ac94		dos://dos.commons.ucsc-cgp.org/e2a71b0f-5b18-4db4-922a-1879c35c234b?version=2018-05-26T133724.723947Z	cram	74c0d700532b973e96748584a2dc8dad	Xenon	
NWD805667	NA19238	Macrogen	gs://topmed-irc-share/public/NWD805667.recab.cram.crai	s3://cgp-commons-public/topmed_open_access/f332c3e8-3d0d-50e0-8438-7af114ae2b3b/NWD805667.recab.cram.crai	ark:/99999/fk4yhgbP6g0Ykkq	dg.4503/7c917f09-700b-48fe-ab8f-b1501865609e	a25bd9be08a54f768913deffd1a5fffe		dos://dos.commons.ucsc-cgp.org/7c917f09-700b-48fe-ab8f-b1501865609e?version=2018-05-26T134320.380949Z	crai	00a90dca71b204f23f990fd7949fa31e	Xenon	
NWD812009	NA12878	UW	gs://topmed-irc-share/public/NWD812009.recab.cram	s3://cgp-commons-public/topmed_open_access/38948ecb-b9f9-5644-8ecc-187a9e4dfb1b/NWD812009.recab.cram	ark:/99999/fk48j2eGklxrqYw	dg.4503/5bc5d11e-b72f-4491-88de-8ccece34ca66	9b56b9480c1b440a8bea6bdec197a81a		dos://dos.commons.ucsc-cgp.org/5bc5d11e-b72f-4491-88de-8ccece34ca66?version=2018-05-26T133724.785367Z	cram	5f8c3316ffecdb3eecd0564bba81d4d7	Xenon	
NWD812009	NA12878	UW	gs://topmed-irc-share/public/NWD812009.recab.cram.crai	s3://cgp-commons-public/topmed_open_access/38948ecb-b9f9-5644-8ecc-187a9e4dfb1b/NWD812009.recab.cram.crai	ark:/99999/fk48j2eGklxrqYw	dg.4503/17940914-b814-4b7d-bbb3-7800e5181f11	7fb7f3846ae748ac888a5835ed53982b		dos://dos.commons.ucsc-cgp.org/17940914-b814-4b7d-bbb3-7800e5181f11?version=2018-05-26T134320.444604Z	crai	f42f7af7dab3a2405346a617b3ad5485	Xenon	
NWD821054	NA12878	Baylor	gs://topmed-irc-share/public/NWD821054.recab.cram	s3://cgp-commons-public/topmed_open_access/fda2c2d4-15d4-5848-af51-38ba92d446ed/NWD821054.recab.cram	ark:/99999/fk4RqxnSIGPOPgY	dg.4503/9e6bf5eb-6868-4912-a564-1e3e496279bc	a26e6d5fbf91421aa8b96193460b354c		dos://dos.commons.ucsc-cgp.org/9e6bf5eb-6868-4912-a564-1e3e496279bc?version=2018-05-26T133724.849589Z	cram	f6b5dd77b20e964ccf3860eae4d49ce2	Xenon	
NWD821054	NA12878	Baylor	gs://topmed-irc-share/public/NWD821054.recab.cram.crai	s3://cgp-commons-public/topmed_open_access/fda2c2d4-15d4-5848-af51-38ba92d446ed/NWD821054.recab.cram.crai	ark:/99999/fk4RqxnSIGPOPgY	dg.4503/e5a3aa7c-335f-42f5-852b-751563fc663c	1c17139d218e4ef8a4fce2090695e331		dos://dos.commons.ucsc-cgp.org/e5a3aa7c-335f-42f5-852b-751563fc663c?version=2018-05-26T134320.519460Z	crai	5aa1825148cfb23497eacefd17399b34	Xenon	
NWD831422	NA12878	Broad	gs://topmed-irc-share/public/NWD831422.recab.cram	s3://cgp-commons-public/topmed_open_access/0e727062-7fc9-5e46-b1e3-24537426ca4c/NWD831422.recab.cram	ark:/99999/fk41B88gG0j7bdFp	dg.4503/d50c81c3-93f7-42f8-bd0a-fdcc85b66bc1	b27ebf7ec7594a6895970c70f5706107		dos://dos.commons.ucsc-cgp.org/d50c81c3-93f7-42f8-bd0a-fdcc85b66bc1?version=2018-05-26T133724.912795Z	cram	5d7c4e7a6766fe437e33ce47963129f6	Xenon	
NWD831422	NA12878	Broad	gs://topmed-irc-share/public/NWD831422.recab.cram.crai	s3://cgp-commons-public/topmed_open_access/0e727062-7fc9-5e46-b1e3-24537426ca4c/NWD831422.recab.cram.crai	ark:/99999/fk41B88gG0j7bdFp	dg.4503/39a17d1d-e653-4f88-8076-bd92ba9cbc9b	e08b9219eb514d15ac8caad56f664287		dos://dos.commons.ucsc-cgp.org/39a17d1d-e653-4f88-8076-bd92ba9cbc9b?version=2018-05-26T134320.584844Z	crai	dcbe9d985c104fd240b9c307e4acf4c0	Xenon	
NWD832275	NA19238	UW	gs://topmed-irc-share/public/NWD832275.recab.cram	s3://cgp-commons-public/topmed_open_access/28bebda7-14b1-5c47-b9b7-52540f091866/NWD832275.recab.cram	ark:/99999/fk48i8aQB64QB8n	dg.4503/4b0b3a12-eb70-4d31-8bdb-8e1228715d00	ca400b037283483b983fb293e3dead23		dos://dos.commons.ucsc-cgp.org/4b0b3a12-eb70-4d31-8bdb-8e1228715d00?version=2018-05-26T133724.975956Z	cram	b19f04b2f1c6770ec67624bb4cf02b35	Xenon	
NWD832275	NA19238	UW	gs://topmed-irc-share/public/NWD832275.recab.cram.crai	s3://cgp-commons-public/topmed_open_access/28bebda7-14b1-5c47-b9b7-52540f091866/NWD832275.recab.cram.crai	ark:/99999/fk48i8aQB64QB8n	dg.4503/f8703e9d-f0fd-4252-8387-5b10b436bb0d	3e919d2c7d4842b790e30da388b9d912		dos://dos.commons.ucsc-cgp.org/f8703e9d-f0fd-4252-8387-5b10b436bb0d?version=2018-05-26T134320.648500Z	crai	3b14fc7038fe89a3cfead60f9d4b67a3	Xenon	
NWD841343	NA12878	Broad	gs://topmed-irc-share/public/NWD841343.recab.cram	s3://cgp-commons-public/topmed_open_access/e936e5e6-8c17-5ed4-a087-d2dda860a160/NWD841343.recab.cram	ark:/99999/fk44Gq74xyGGKuu	dg.4503/5933aa25-4b59-4960-9a25-6cba1c633f25	ca87699babe6456a84b18d3bb6e4feb8		dos://dos.commons.ucsc-cgp.org/5933aa25-4b59-4960-9a25-6cba1c633f25?version=2018-05-26T133725.038100Z	cram	f0af502df64bec0ed79c59c297b19fe2	Xenon	
NWD841343	NA12878	Broad	gs://topmed-irc-share/public/NWD841343.recab.cram.crai	s3://cgp-commons-public/topmed_open_access/e936e5e6-8c17-5ed4-a087-d2dda860a160/NWD841343.recab.cram.crai	ark:/99999/fk44Gq74xyGGKuu	dg.4503/b9c20b9c-74b7-4f1d-86be-0b022006d673	5fe3d8dab30d45d78fa600cdbec00606		dos://dos.commons.ucsc-cgp.org/b9c20b9c-74b7-4f1d-86be-0b022006d673?version=2018-05-26T134320.711467Z	crai	df0645e3f14b088da071e6ae42ac15ad	Xenon	
NWD842401	HG01111	Baylor	gs://topmed-irc-share/public/NWD842401.recab.cram	s3://cgp-commons-public/topmed_open_access/5650ba65-983c-5816-9e52-3e49c8409e29/NWD842401.recab.cram	ark:/99999/fk41AxKAMk9nfVlx	dg.4503/5ddbd47d-29f0-41e1-b6b3-14e158432375	01c88ab276d14cb496ccba36df47df69		dos://dos.commons.ucsc-cgp.org/5ddbd47d-29f0-41e1-b6b3-14e158432375?version=2018-05-26T133725.102545Z	cram	b88c830192e89cc4c0920b2b3f105239	Xenon	
NWD842401	HG01111	Baylor	gs://topmed-irc-share/public/NWD842401.recab.cram.crai	s3://cgp-commons-public/topmed_open_access/5650ba65-983c-5816-9e52-3e49c8409e29/NWD842401.recab.cram.crai	ark:/99999/fk41AxKAMk9nfVlx	dg.4503/b51f6054-0f59-4d9d-89ba-232224bb7ab3	858fc297532942ca8a2b5d910461316a		dos://dos.commons.ucsc-cgp.org/b51f6054-0f59-4d9d-89ba-232224bb7ab3?version=2018-05-26T134320.773497Z	crai	0ee2638dc37adc96f2ab46c05eb5e470	Xenon	
NWD855893	NA19238	Baylor	gs://topmed-irc-share/public/NWD855893.recab.cram	s3://cgp-commons-public/topmed_open_access/d9a012d7-f092-577d-8750-d0337a1ff571/NWD855893.recab.cram	ark:/99999/fk48L45Rg28iNrd	dg.4503/36fdd4e5-bf2f-45d7-a67d-c6247bfd9130	cfae4d0d0c874b32b620b00c7e0727dd		dos://dos.commons.ucsc-cgp.org/36fdd4e5-bf2f-45d7-a67d-c6247bfd9130?version=2018-05-26T133725.164727Z	cram	dfe79d741b1e3c8ec49f6552f84b08f6	Xenon	
NWD855893	NA19238	Baylor	gs://topmed-irc-share/public/NWD855893.recab.cram.crai	s3://cgp-commons-public/topmed_open_access/d9a012d7-f092-577d-8750-d0337a1ff571/NWD855893.recab.cram.crai	ark:/99999/fk48L45Rg28iNrd	dg.4503/bfb5547c-82d5-4520-ae5f-b5f56cc261bb	ccbf4d69602e43678f2a260f060ac43a		dos://dos.commons.ucsc-cgp.org/bfb5547c-82d5-4520-ae5f-b5f56cc261bb?version=2018-05-26T134320.838228Z	crai	5f049d4feb754c8c0b37fae0110e3090	Xenon	
NWD866959	NA19238	Broad	gs://topmed-irc-share/public/NWD866959.recab.cram	s3://cgp-commons-public/topmed_open_access/243cad51-d5bb-557d-a0a6-0d9ec5f00667/NWD866959.recab.cram	ark:/99999/fk4HXdcV79aZbJd	dg.4503/9555d166-1a16-4f92-b161-f2a4462223f8	1fb748f5e1984b4b94a17bc4149af11a		dos://dos.commons.ucsc-cgp.org/9555d166-1a16-4f92-b161-f2a4462223f8?version=2018-05-26T133725.233250Z	cram	41707c32ca5046d64b82fff0bf90f240	Xenon	
NWD866959	NA19238	Broad	gs://topmed-irc-share/public/NWD866959.recab.cram.crai	s3://cgp-commons-public/topmed_open_access/243cad51-d5bb-557d-a0a6-0d9ec5f00667/NWD866959.recab.cram.crai	ark:/99999/fk4HXdcV79aZbJd	dg.4503/5934a503-ba20-4169-9487-0d3a8f797311	76d61283d5c9499ea556a8927860fcf8		dos://dos.commons.ucsc-cgp.org/5934a503-ba20-4169-9487-0d3a8f797311?version=2018-05-26T134320.902216Z	crai	d3610cc9315ff558ed14cb74128cb28b	Xenon	
NWD875673	NA12878	Baylor	gs://topmed-irc-share/public/NWD875673.recab.cram	s3://cgp-commons-public/topmed_open_access/2277b3fc-5a75-5782-86a0-c29f13844e7d/NWD875673.recab.cram	ark:/99999/fk4SfnkvDGF9sJq	dg.4503/b76d98e5-df42-4ba0-944e-e07ac6aa7905	9aecbe34e0ec41e9bbaa9a6e9ea4567e		dos://dos.commons.ucsc-cgp.org/b76d98e5-df42-4ba0-944e-e07ac6aa7905?version=2018-05-26T133725.295724Z	cram	67379369babd02baa1b839b574910da9	Xenon	
NWD875673	NA12878	Baylor	gs://topmed-irc-share/public/NWD875673.recab.cram.crai	s3://cgp-commons-public/topmed_open_access/2277b3fc-5a75-5782-86a0-c29f13844e7d/NWD875673.recab.cram.crai	ark:/99999/fk4SfnkvDGF9sJq	dg.4503/2adc2ddd-8547-4a9d-b5b5-20262c3252c8	08807647ad104c14b700e7382a5a1f36		dos://dos.commons.ucsc-cgp.org/2adc2ddd-8547-4a9d-b5b5-20262c3252c8?version=2018-05-26T134320.966407Z	crai	162e9d9e87bce7bae5d15438721fb8a0	Xenon	
NWD881320	NA12878	Baylor	gs://topmed-irc-share/public/NWD881320.recab.cram	s3://cgp-commons-public/topmed_open_access/9de4f053-b1a9-5bc0-9237-fddffd6ba9dc/NWD881320.recab.cram	ark:/99999/fk4lB41u1kJaQGb	dg.4503/b7b2e2de-5563-4166-a089-2e7b4127ad4e	c5d2b86cd019466c81c86f363a5894df		dos://dos.commons.ucsc-cgp.org/b7b2e2de-5563-4166-a089-2e7b4127ad4e?version=2018-05-26T133725.367753Z	cram	67ad5b528ec4224f7ea200476111bad2	Xenon	
NWD881320	NA12878	Baylor	gs://topmed-irc-share/public/NWD881320.recab.cram.crai	s3://cgp-commons-public/topmed_open_access/9de4f053-b1a9-5bc0-9237-fddffd6ba9dc/NWD881320.recab.cram.crai	ark:/99999/fk4lB41u1kJaQGb	dg.4503/c14cc390-40ed-490b-9643-3c40a147efa1	54e6108a52134ebc87d02a6595cadc36		dos://dos.commons.ucsc-cgp.org/c14cc390-40ed-490b-9643-3c40a147efa1?version=2018-05-26T134321.028155Z	crai	fca685c7943bfd1e322df8ef8f7f87d7	Xenon	
NWD886731	NA12878	Baylor	gs://topmed-irc-share/public/NWD886731.recab.cram	s3://cgp-commons-public/topmed_open_access/64237f54-b682-563d-8f5b-cefd0650e48a/NWD886731.recab.cram	ark:/99999/fk42k73pWwf0AbC	dg.4503/5178445c-c93b-4826-852e-d0f7b5e6741e	14a1fa98d02e42038b04d25024ece5b8		dos://dos.commons.ucsc-cgp.org/5178445c-c93b-4826-852e-d0f7b5e6741e?version=2018-05-26T133725.428703Z	cram	6e41aea6f511f774260b26de15424a99	Xenon	
NWD886731	NA12878	Baylor	gs://topmed-irc-share/public/NWD886731.recab.cram.crai	s3://cgp-commons-public/topmed_open_access/64237f54-b682-563d-8f5b-cefd0650e48a/NWD886731.recab.cram.crai	ark:/99999/fk42k73pWwf0AbC	dg.4503/d8001f3a-f248-49ae-9ff0-18fec2ada272	8288c64bcf604fcea4e7761a01cd5dd6		dos://dos.commons.ucsc-cgp.org/d8001f3a-f248-49ae-9ff0-18fec2ada272?version=2018-05-26T134321.092349Z	crai	038b38d16b353eb4814e3776c640bedc	Xenon	
NWD897509	NA19238	UW	gs://topmed-irc-share/public/NWD897509.recab.cram	s3://cgp-commons-public/topmed_open_access/17526eb6-4047-5035-b9aa-43cb67ae2960/NWD897509.recab.cram	ark:/99999/fk4J8Wc2wxbF7Vl	dg.4503/c7d39f2e-28d2-45ae-b937-8780457bab1a	e55cbf7e42394e6689c8ce00fc94b2f1		dos://dos.commons.ucsc-cgp.org/c7d39f2e-28d2-45ae-b937-8780457bab1a?version=2018-05-26T133725.492482Z	cram	aac42f2e3228517bccd914b37ee2d3ab	Xenon	
NWD897509	NA19238	UW	gs://topmed-irc-share/public/NWD897509.recab.cram.crai	s3://cgp-commons-public/topmed_open_access/17526eb6-4047-5035-b9aa-43cb67ae2960/NWD897509.recab.cram.crai	ark:/99999/fk4J8Wc2wxbF7Vl	dg.4503/9e5b7106-d03f-4b20-8f4b-ff4f436d62df	aaa616419f194651aec0d49e550b3bb4		dos://dos.commons.ucsc-cgp.org/9e5b7106-d03f-4b20-8f4b-ff4f436d62df?version=2018-05-26T134321.153835Z	crai	379b95ab8412e057aa0e86e2145554e1	Xenon	
NWD901849	NA12878	NYGC	gs://topmed-irc-share/public/NWD901849.recab.cram	s3://cgp-commons-public/topmed_open_access/ea289f20-4125-544f-8475-e756f7168860/NWD901849.recab.cram	ark:/99999/fk4DBGVftZ9WZA6	dg.4503/e631a851-a1f2-46b2-ba84-4a209637fe78	833fa9754db44a2dbec9c9a6e17c2afa		dos://dos.commons.ucsc-cgp.org/e631a851-a1f2-46b2-ba84-4a209637fe78?version=2018-05-26T133725.556731Z	cram	4b538b3469a620ed900548a9f818fb44	Xenon	
NWD901849	NA12878	NYGC	gs://topmed-irc-share/public/NWD901849.recab.cram.crai	s3://cgp-commons-public/topmed_open_access/ea289f20-4125-544f-8475-e756f7168860/NWD901849.recab.cram.crai	ark:/99999/fk4DBGVftZ9WZA6	dg.4503/85b53c34-1d8d-4770-93c3-879792b7478f	6a409831467b47dea11dd9adea017706		dos://dos.commons.ucsc-cgp.org/85b53c34-1d8d-4770-93c3-879792b7478f?version=2018-05-26T134321.216172Z	crai	eb89e0de5b5732a2dd7362523d59e327	Xenon	
NWD905240	NA12878	UW	gs://topmed-irc-share/public/NWD905240.recab.cram	s3://cgp-commons-public/topmed_open_access/3d9dd79c-e4e8-5d59-ac44-65c907c22a2e/NWD905240.recab.cram	ark:/99999/fk4tMWVbtgQDnSZ	dg.4503/887388d7-a974-4259-86af-f5305172363d	d8151842489e4592baf1c73132a0206a		dos://dos.commons.ucsc-cgp.org/887388d7-a974-4259-86af-f5305172363d?version=2018-05-26T133725.618273Z	cram	7af0014daca79bcc4bbed32fc128c066	Xenon	
NWD905240	NA12878	UW	gs://topmed-irc-share/public/NWD905240.recab.cram.crai	s3://cgp-commons-public/topmed_open_access/3d9dd79c-e4e8-5d59-ac44-65c907c22a2e/NWD905240.recab.cram.crai	ark:/99999/fk4tMWVbtgQDnSZ	dg.4503/76b6ea80-978d-443e-acf7-751903c2b0e5	08dcfe2a902b4aef82b693407ab8ea04		dos://dos.commons.ucsc-cgp.org/76b6ea80-978d-443e-acf7-751903c2b0e5?version=2018-05-26T134321.277280Z	crai	99e15c5bab6a795d50358df2267d1739	Xenon	
NWD909656	NA19238	NYGC	gs://topmed-irc-share/public/NWD909656.recab.cram	s3://cgp-commons-public/topmed_open_access/c9b0fbff-c65d-59b6-b9f0-4f2965de539a/NWD909656.recab.cram	ark:/99999/fk4gB2XascEtiZS	dg.4503/140f6824-4c8c-43ea-bc82-21570650e694	4353d7d4127b458499418e8814b39d77		dos://dos.commons.ucsc-cgp.org/140f6824-4c8c-43ea-bc82-21570650e694?version=2018-05-26T133725.681620Z	cram	2c9300554ea705c3916b17e53b1cfa30	Xenon	
NWD909656	NA19238	NYGC	gs://topmed-irc-share/public/NWD909656.recab.cram.crai	s3://cgp-commons-public/topmed_open_access/c9b0fbff-c65d-59b6-b9f0-4f2965de539a/NWD909656.recab.cram.crai	ark:/99999/fk4gB2XascEtiZS	dg.4503/4e18f9ed-7009-4d9b-b3a8-537798964532	139b33e29a0d46a5945e0d7c1755dc39		dos://dos.commons.ucsc-cgp.org/4e18f9ed-7009-4d9b-b3a8-537798964532?version=2018-05-26T134321.341335Z	crai	bd3b7782fdecc05728206dcefd1764f4	Xenon	
NWD910953	NA12878	Baylor	gs://topmed-irc-share/public/NWD910953.recab.cram	s3://cgp-commons-public/topmed_open_access/baae6014-5527-5dae-8f95-f6bff9b36ae0/NWD910953.recab.cram	ark:/99999/fk41IoMNhWos6m9v	dg.4503/31dd187d-1ebf-477d-921f-cc9bae1469e8	ae33b90db6474d0e8e6d44f0cf7cc888		dos://dos.commons.ucsc-cgp.org/31dd187d-1ebf-477d-921f-cc9bae1469e8?version=2018-05-26T133725.744558Z	cram	8aa10153afc1456796eee5a4e0d33f82	Xenon	
NWD910953	NA12878	Baylor	gs://topmed-irc-share/public/NWD910953.recab.cram.crai	s3://cgp-commons-public/topmed_open_access/baae6014-5527-5dae-8f95-f6bff9b36ae0/NWD910953.recab.cram.crai	ark:/99999/fk41IoMNhWos6m9v	dg.4503/be01f566-1d42-4931-a040-568f7e5c629b	7205c6ab44dc49cd907964684bf5c55d		dos://dos.commons.ucsc-cgp.org/be01f566-1d42-4931-a040-568f7e5c629b?version=2018-05-26T134321.401934Z	crai	11ba23188840d5d9350230d5469d2823	Xenon	
NWD918554	NA19238	UW	gs://topmed-irc-share/public/NWD918554.recab.cram	s3://cgp-commons-public/topmed_open_access/9b418a88-134c-5567-8340-94269c2b9e52/NWD918554.recab.cram	ark:/99999/fk413ggoBYEr0fpW	dg.4503/2959867d-04a9-469e-ab29-7784be83d782	dc73f7835dd34c63bd0d56f1de5ba661		dos://dos.commons.ucsc-cgp.org/2959867d-04a9-469e-ab29-7784be83d782?version=2018-05-26T133725.806323Z	cram	507c63da5ea424809d5ab563ff59fa4a	Xenon	
NWD918554	NA19238	UW	gs://topmed-irc-share/public/NWD918554.recab.cram.crai	s3://cgp-commons-public/topmed_open_access/9b418a88-134c-5567-8340-94269c2b9e52/NWD918554.recab.cram.crai	ark:/99999/fk413ggoBYEr0fpW	dg.4503/79bd5ab7-b3a1-4626-84c7-8a5e70ed4be2	f91f7f59f7f3488bb50096ac107a25ef		dos://dos.commons.ucsc-cgp.org/79bd5ab7-b3a1-4626-84c7-8a5e70ed4be2?version=2018-05-26T134321.463178Z	crai	cad973fffb5c914ef3c1c4b4ce49868f	Xenon	
NWD929194	NA12878	NYGC	gs://topmed-irc-share/public/NWD929194.recab.cram	s3://cgp-commons-public/topmed_open_access/a96950b9-eeb1-56f3-937f-f92c9f91eb7a/NWD929194.recab.cram	ark:/99999/fk4IWBkKnvebhP4	dg.4503/4e5ac016-ca58-4029-9448-c334fcf3150e	fff9bbacc1fa454097138000380b8882		dos://dos.commons.ucsc-cgp.org/4e5ac016-ca58-4029-9448-c334fcf3150e?version=2018-05-26T133725.870043Z	cram	cff198da5a71a6a15da204c1dbbba848	Xenon	
NWD929194	NA12878	NYGC	gs://topmed-irc-share/public/NWD929194.recab.cram.crai	s3://cgp-commons-public/topmed_open_access/a96950b9-eeb1-56f3-937f-f92c9f91eb7a/NWD929194.recab.cram.crai	ark:/99999/fk4IWBkKnvebhP4	dg.4503/efc40472-cd1a-4439-8384-34bc8672f34f	6f0688a568d9442c9646efaf308bf4a2		dos://dos.commons.ucsc-cgp.org/efc40472-cd1a-4439-8384-34bc8672f34f?version=2018-05-26T134321.527551Z	crai	b586d2801fadd3e85e6b8902d7dec762	Xenon	
NWD952432	NA12878	Broad	gs://topmed-irc-share/public/NWD952432.recab.cram	s3://cgp-commons-public/topmed_open_access/fab5eca7-0f49-586a-9bca-a66f2df4f173/NWD952432.recab.cram	ark:/99999/fk41G785O2IPIpqz	dg.4503/649c2fe6-ffdc-40c4-92f8-3cb7ba550da5	e63656ac09e8447b871ab32fa49d2a58		dos://dos.commons.ucsc-cgp.org/649c2fe6-ffdc-40c4-92f8-3cb7ba550da5?version=2018-05-26T133725.931344Z	cram	0aed1af327455b26ea76fc127c84c8ef	Xenon	
NWD952432	NA12878	Broad	gs://topmed-irc-share/public/NWD952432.recab.cram.crai	s3://cgp-commons-public/topmed_open_access/fab5eca7-0f49-586a-9bca-a66f2df4f173/NWD952432.recab.cram.crai	ark:/99999/fk41G785O2IPIpqz	dg.4503/091388f8-79dc-492e-910b-c3fd2ba4bb90	39288f48b7d04adbbfca0dafcbb3e435		dos://dos.commons.ucsc-cgp.org/091388f8-79dc-492e-910b-c3fd2ba4bb90?version=2018-05-26T134321.589397Z	crai	9958469e152229a338044fa888ebc5f1	Xenon	
NWD953198	NA19238	NYGC	gs://topmed-irc-share/public/NWD953198.recab.cram	s3://cgp-commons-public/topmed_open_access/9449321f-0ebd-5607-99b9-ba8f30a185ad/NWD953198.recab.cram	ark:/99999/fk4aBnlrtpBtdTG	dg.4503/3e24b314-6da8-475b-88e7-22777b4d0aa0	0a80ca47449f41de9eed87a60734d40d		dos://dos.commons.ucsc-cgp.org/3e24b314-6da8-475b-88e7-22777b4d0aa0?version=2018-05-26T133725.991936Z	cram	4d5d63abda2d31c905ab4b5ea8cbd5fe	Xenon	
NWD953198	NA19238	NYGC	gs://topmed-irc-share/public/NWD953198.recab.cram.crai	s3://cgp-commons-public/topmed_open_access/9449321f-0ebd-5607-99b9-ba8f30a185ad/NWD953198.recab.cram.crai	ark:/99999/fk4aBnlrtpBtdTG	dg.4503/fd9aba0e-4796-415a-abdc-a27fd3c50ed9	c1d2306ebe5e4839abf34d212bcb32bc		dos://dos.commons.ucsc-cgp.org/fd9aba0e-4796-415a-abdc-a27fd3c50ed9?version=2018-05-26T134321.652794Z	crai	abed557047cd8589f325a93e25c5377e	Xenon	
NWD967078	NA19238	Baylor	gs://topmed-irc-share/public/NWD967078.recab.cram	s3://cgp-commons-public/topmed_open_access/b2318775-7d17-5e37-857d-f260d3772b19/NWD967078.recab.cram	ark:/99999/fk41JHBBKGfl9CdB	dg.4503/7be86fa5-5dfc-4018-b8c4-a41fb61bef07	e12c38b2c7d94432a905aec64b519414		dos://dos.commons.ucsc-cgp.org/7be86fa5-5dfc-4018-b8c4-a41fb61bef07?version=2018-05-26T133726.052985Z	cram	7140d79d421e36371cd08385db3d17fa	Xenon	
NWD967078	NA19238	Baylor	gs://topmed-irc-share/public/NWD967078.recab.cram.crai	s3://cgp-commons-public/topmed_open_access/b2318775-7d17-5e37-857d-f260d3772b19/NWD967078.recab.cram.crai	ark:/99999/fk41JHBBKGfl9CdB	dg.4503/386980c8-3764-4db4-8f38-d27e80e3e801	09290ca471914209b355f98593cd9ee4		dos://dos.commons.ucsc-cgp.org/386980c8-3764-4db4-8f38-d27e80e3e801?version=2018-05-26T134321.717211Z	crai	fd2a166406cbd49340221161d64c9bf1	Xenon	
NWD968809	HG01110	WashU	gs://topmed-irc-share/public/NWD968809.recab.cram	s3://cgp-commons-public/topmed_open_access/4fc383f9-2c21-599d-aa7d-ea1be7e8fc3e/NWD968809.recab.cram	ark:/99999/fk4JF88iQezI71j	dg.4503/4c0c4954-ad49-46f5-b509-419fcb073f59	7fab93b9212b46c7a8d10697675c3ae3		dos://dos.commons.ucsc-cgp.org/4c0c4954-ad49-46f5-b509-419fcb073f59?version=2018-05-26T133726.118528Z	cram	70c3525f6be414134364ec82ba01958e	Xenon	
NWD968809	HG01110	WashU	gs://topmed-irc-share/public/NWD968809.recab.cram.crai	s3://cgp-commons-public/topmed_open_access/4fc383f9-2c21-599d-aa7d-ea1be7e8fc3e/NWD968809.recab.cram.crai	ark:/99999/fk4JF88iQezI71j	dg.4503/e2111eaa-b706-4ced-9fa4-d888427530ea	1047d86e46904f3fbf76760acb548668		dos://dos.commons.ucsc-cgp.org/e2111eaa-b706-4ced-9fa4-d888427530ea?version=2018-05-26T134321.780725Z	crai	7a2436d139d61904d9f4607ea8e06139	Xenon	
NWD991001	NA12878	NYGC	gs://topmed-irc-share/public/NWD991001.recab.cram	s3://cgp-commons-public/topmed_open_access/6a19bc32-ddc5-55b7-9315-224331f4f1a0/NWD991001.recab.cram	ark:/99999/fk4vdVidGi3UIW0	dg.4503/71d8aa16-2b8d-4077-a445-f742bf6c4686	9b86400bbfbe46f081a697abea0f35cc		dos://dos.commons.ucsc-cgp.org/71d8aa16-2b8d-4077-a445-f742bf6c4686?version=2018-05-26T133726.178622Z	cram	e1bb6e18d3a61e7c0c83b597733c7e15	Xenon	
NWD991001	NA12878	NYGC	gs://topmed-irc-share/public/NWD991001.recab.cram.crai	s3://cgp-commons-public/topmed_open_access/6a19bc32-ddc5-55b7-9315-224331f4f1a0/NWD991001.recab.cram.crai	ark:/99999/fk4vdVidGi3UIW0	dg.4503/414861f6-98d7-4829-ba3a-d114c2d39e7d	a8f2f2beda544174b3a32d1af61b0a07		dos://dos.commons.ucsc-cgp.org/414861f6-98d7-4829-ba3a-d114c2d39e7d?version=2018-05-26T134321.843222Z	crai	b68e51eb464ce2450be49236ad5d1bf8	Xenon	
