This is a list of identifiers associated with the topmed public 107 data set.												
The original manifest was found here: gs://topmed-irc-share/public/TOPMed.public_samples.manifest.2017.11.30.txt												
												
NWD_ID	HapMap_1000G_ID	SEQ_CTR	Google_URL	S3_URL	Argon_GUID	Calcium_GUID	Helium_GUID	Xenon_GUID	DOS_URI	CRAI_URL	md5sum	Assignment
NWD100953	HG01110	WashU	gs://topmed-irc-share/public/NWD100953.recab.cram	s3://cgp-commons-public/topmed_open_access/44a8837b-4456-5709-b56b-54e23000f13a/NWD100953.recab.cram		dg.4503/01b048d0-e128-4cb0-94e9-b2d2cab7563d			dos://dos-dss.ucsc-cgp-dev.org/01b048d0-e128-4cb0-94e9-b2d2cab7563d?version=2018-05-26T133719.491772Z	cram	f9e72bdf25bf4b4f0e581d9218fec2eb	All
NWD100953	HG01110	WashU	gs://topmed-irc-share/public/NWD100953.recab.cram.crai	s3://cgp-commons-public/topmed_open_access/44a8837b-4456-5709-b56b-54e23000f13a/NWD100953.recab.cram.crai		dg.4503/630d31c3-381e-488d-b639-ce5d047a0142			dos://dos-dss.ucsc-cgp-dev.org/630d31c3-381e-488d-b639-ce5d047a0142?version=2018-05-26T134315.070662Z	crai	3b0f63a815384a3d44c61b4abd40caf9	All
NWD119836	NA12878	NYGC	gs://topmed-irc-share/public/NWD119836.recab.cram	s3://cgp-commons-public/topmed_open_access/204cf1bd-1477-57e6-880c-1b863edac627/NWD119836.recab.cram		dg.4503/5e74b6d5-db4e-45d9-bc8b-099da92f025c			dos://dos-dss.ucsc-cgp-dev.org/5e74b6d5-db4e-45d9-bc8b-099da92f025c?version=2018-05-26T133719.578686Z	cram	6b16a838f0af3b3cff52f3c746a36548	All
NWD119836	NA12878	NYGC	gs://topmed-irc-share/public/NWD119836.recab.cram.crai	s3://cgp-commons-public/topmed_open_access/204cf1bd-1477-57e6-880c-1b863edac627/NWD119836.recab.cram.crai		dg.4503/f456ce3c-9b41-4800-9a92-c2afbe4446eb			dos://dos-dss.ucsc-cgp-dev.org/f456ce3c-9b41-4800-9a92-c2afbe4446eb?version=2018-05-26T134315.143570Z	crai	0ea01635527c738a5f3bf82acf0c3859	All
NWD119844	NA12878	Baylor	gs://topmed-irc-share/public/NWD119844.recab.cram	s3://cgp-commons-public/topmed_open_access/06dfc2ab-2d04-52c3-9723-0ac4042e4e38/NWD119844.recab.cram		dg.4503/44ec7963-5c7a-4974-bb4d-c8b5c002019c			dos://dos-dss.ucsc-cgp-dev.org/44ec7963-5c7a-4974-bb4d-c8b5c002019c?version=2018-05-26T133719.645036Z	cram	7785199a2d173158598db81c2d492776	All
NWD119844	NA12878	Baylor	gs://topmed-irc-share/public/NWD119844.recab.cram.crai	s3://cgp-commons-public/topmed_open_access/06dfc2ab-2d04-52c3-9723-0ac4042e4e38/NWD119844.recab.cram.crai		dg.4503/25065a60-6b7d-4c50-abf9-0cf86c5b483a			dos://dos-dss.ucsc-cgp-dev.org/25065a60-6b7d-4c50-abf9-0cf86c5b483a?version=2018-05-26T134315.205291Z	crai	48c26ed3d4a8224f4dfa3515edae749b	All
NWD136397	HG01110	NYGC	gs://topmed-irc-share/public/NWD136397.recab.cram	s3://cgp-commons-public/topmed_open_access/bd91f499-1620-5500-8f73-89158fb9d709/NWD136397.recab.cram		dg.4503/37d353be-aa24-4ce8-b208-494aa5062b9d			dos://dos-dss.ucsc-cgp-dev.org/37d353be-aa24-4ce8-b208-494aa5062b9d?version=2018-05-26T133719.710053Z	cram	634a90a870f3d33242416678af8ddce8	All
NWD136397	HG01110	NYGC	gs://topmed-irc-share/public/NWD136397.recab.cram.crai	s3://cgp-commons-public/topmed_open_access/bd91f499-1620-5500-8f73-89158fb9d709/NWD136397.recab.cram.crai		dg.4503/b1dcfdbe-4314-4efd-8f52-559435188b40			dos://dos-dss.ucsc-cgp-dev.org/b1dcfdbe-4314-4efd-8f52-559435188b40?version=2018-05-26T134315.268945Z	crai	c307d05c44e4549bf7ef4b519468792b	All
NWD146103	NA19238	WashU	gs://topmed-irc-share/public/NWD146103.recab.cram	s3://cgp-commons-public/topmed_open_access/f262151f-155d-5511-a809-bd02342f6754/NWD146103.recab.cram		dg.4503/6df4d205-d0f7-42ad-9e7a-020a5538d847			dos://dos-dss.ucsc-cgp-dev.org/6df4d205-d0f7-42ad-9e7a-020a5538d847?version=2018-05-26T133719.770731Z	cram	1a0d3ac025039c4e62eabcbba5fca034	All
NWD146103	NA19238	WashU	gs://topmed-irc-share/public/NWD146103.recab.cram.crai	s3://cgp-commons-public/topmed_open_access/f262151f-155d-5511-a809-bd02342f6754/NWD146103.recab.cram.crai		dg.4503/1e4142b8-4266-49ae-a452-b64d5f803a4c			dos://dos-dss.ucsc-cgp-dev.org/1e4142b8-4266-49ae-a452-b64d5f803a4c?version=2018-05-26T134315.332533Z	crai	3837011c774444d2996f514a9880bc9f	All
NWD155824	NA12878	Broad	gs://topmed-irc-share/public/NWD155824.recab.cram	s3://cgp-commons-public/topmed_open_access/b0ef8b2f-6984-544d-aea8-ccaa2c444760/NWD155824.recab.cram		dg.4503/8f66b2ab-6670-4a62-af5d-2f51b78857cd			dos://dos-dss.ucsc-cgp-dev.org/8f66b2ab-6670-4a62-af5d-2f51b78857cd?version=2018-05-26T133719.830596Z	cram	6d654054823a0361e19146a4abf31cef	All
NWD155824	NA12878	Broad	gs://topmed-irc-share/public/NWD155824.recab.cram.crai	s3://cgp-commons-public/topmed_open_access/b0ef8b2f-6984-544d-aea8-ccaa2c444760/NWD155824.recab.cram.crai		dg.4503/919d2aba-8424-4bfd-8d06-1298c15c9b69			dos://dos-dss.ucsc-cgp-dev.org/919d2aba-8424-4bfd-8d06-1298c15c9b69?version=2018-05-26T134315.395691Z	crai	f5dff8b1108e870973a129290c8e82b8	All
NWD165827	NA19238	UW	gs://topmed-irc-share/public/NWD165827.recab.cram	s3://cgp-commons-public/topmed_open_access/197bc047-e917-55ed-852d-d563cdbc50e4/NWD165827.recab.cram		dg.4503/c3d66dc9-58da-411c-83c4-dd656aa3c4b7			dos://dos-dss.ucsc-cgp-dev.org/c3d66dc9-58da-411c-83c4-dd656aa3c4b7?version=2018-05-26T133719.892835Z	cram	3b33f6b9338fccab0901b7d317577ea3	All
NWD165827	NA19238	UW	gs://topmed-irc-share/public/NWD165827.recab.cram.crai	s3://cgp-commons-public/topmed_open_access/197bc047-e917-55ed-852d-d563cdbc50e4/NWD165827.recab.cram.crai		dg.4503/6889f9fa-62b1-4046-9abd-8f92d70a0425			dos://dos-dss.ucsc-cgp-dev.org/6889f9fa-62b1-4046-9abd-8f92d70a0425?version=2018-05-26T134315.458557Z	crai	c10c1fe8c3ac1aacfe865826864f561a	All
NWD176325	NA19238	Broad	gs://topmed-irc-share/public/NWD176325.recab.cram	s3://cgp-commons-public/topmed_open_access/0583d98e-b079-51ae-affc-1c2d6200c84d/NWD176325.recab.cram		dg.4503/8634a61f-7a19-4028-8999-77432c5bdad0			dos://dos-dss.ucsc-cgp-dev.org/8634a61f-7a19-4028-8999-77432c5bdad0?version=2018-05-26T133719.955096Z	cram	81e05fb25d38d79f6d3c59666834825d	Argon
NWD176325	NA19238	Broad	gs://topmed-irc-share/public/NWD176325.recab.cram.crai	s3://cgp-commons-public/topmed_open_access/0583d98e-b079-51ae-affc-1c2d6200c84d/NWD176325.recab.cram.crai		dg.4503/ca87a03e-96a6-4dcd-a29a-0a0eaa178937			dos://dos-dss.ucsc-cgp-dev.org/ca87a03e-96a6-4dcd-a29a-0a0eaa178937?version=2018-05-26T134315.520236Z	crai	b93b17b4a21c009f5076292134072fb3	Argon
NWD183321	NA19238	Broad	gs://topmed-irc-share/public/NWD183321.recab.cram	s3://cgp-commons-public/topmed_open_access/70dcc474-94f0-5eb7-bfda-d9e331b25347/NWD183321.recab.cram		dg.4503/deec6ec7-1c15-45cc-aaba-eb11e7aa44f2			dos://dos-dss.ucsc-cgp-dev.org/deec6ec7-1c15-45cc-aaba-eb11e7aa44f2?version=2018-05-26T133720.017966Z	cram	935b2bbd97dca276f696b3dc05dcb89e	Argon
NWD183321	NA19238	Broad	gs://topmed-irc-share/public/NWD183321.recab.cram.crai	s3://cgp-commons-public/topmed_open_access/70dcc474-94f0-5eb7-bfda-d9e331b25347/NWD183321.recab.cram.crai		dg.4503/2734d5f9-c0ee-45b3-bb16-2fe5ddf4578f			dos://dos-dss.ucsc-cgp-dev.org/2734d5f9-c0ee-45b3-bb16-2fe5ddf4578f?version=2018-05-26T134315.585532Z	crai	0f375f5d2778908108fbe99b16e9671c	Argon
NWD191048	NA19238	UW	gs://topmed-irc-share/public/NWD191048.recab.cram	s3://cgp-commons-public/topmed_open_access/ded720e9-84e5-540d-9f22-409968dbb013/NWD191048.recab.cram		dg.4503/e4d8123b-7364-4ff1-97c9-dd788cbbd8e5			dos://dos-dss.ucsc-cgp-dev.org/e4d8123b-7364-4ff1-97c9-dd788cbbd8e5?version=2018-05-26T133720.090272Z	cram	ec324e174789e9f35b1842dcf3cc34ab	Argon
NWD191048	NA19238	UW	gs://topmed-irc-share/public/NWD191048.recab.cram.crai	s3://cgp-commons-public/topmed_open_access/ded720e9-84e5-540d-9f22-409968dbb013/NWD191048.recab.cram.crai		dg.4503/1f33b8e7-5553-4611-9420-0613b313c8d8			dos://dos-dss.ucsc-cgp-dev.org/1f33b8e7-5553-4611-9420-0613b313c8d8?version=2018-05-26T134315.665444Z	crai	532aec198bbe91c3636210661a5e1e25	Argon
NWD230091	HG01110	Broad	gs://topmed-irc-share/public/NWD230091.recab.cram	s3://cgp-commons-public/topmed_open_access/d2249891-9ef7-5cf2-8382-5d572fc98c71/NWD230091.recab.cram		dg.4503/4f321007-7560-4594-8c92-77b02d574c51			dos://dos-dss.ucsc-cgp-dev.org/4f321007-7560-4594-8c92-77b02d574c51?version=2018-05-26T133720.153687Z	cram	e89690ec6d76bb34cb521c0b53b3347e	Argon
NWD230091	HG01110	Broad	gs://topmed-irc-share/public/NWD230091.recab.cram.crai	s3://cgp-commons-public/topmed_open_access/d2249891-9ef7-5cf2-8382-5d572fc98c71/NWD230091.recab.cram.crai		dg.4503/82ca0d40-1d74-4da8-a059-49bc61de919c			dos://dos-dss.ucsc-cgp-dev.org/82ca0d40-1d74-4da8-a059-49bc61de919c?version=2018-05-26T134315.729653Z	crai	f1620b1d31c626d06b3f33d6b0b1b86d	Argon
NWD231092	HG01111	UW	gs://topmed-irc-share/public/NWD231092.recab.cram	s3://cgp-commons-public/topmed_open_access/c673d210-49f0-5fba-8085-390e1d3b8487/NWD231092.recab.cram		dg.4503/78c79fe0-8d02-46b5-836b-c5b37294a42f			dos://dos-dss.ucsc-cgp-dev.org/78c79fe0-8d02-46b5-836b-c5b37294a42f?version=2018-05-26T133720.217164Z	cram	aa8ab38d2110c937bc22b7ac332f043a	Argon
NWD231092	HG01111	UW	gs://topmed-irc-share/public/NWD231092.recab.cram.crai	s3://cgp-commons-public/topmed_open_access/c673d210-49f0-5fba-8085-390e1d3b8487/NWD231092.recab.cram.crai		dg.4503/1674f6ce-9688-4267-bbef-6e371c3e9d92			dos://dos-dss.ucsc-cgp-dev.org/1674f6ce-9688-4267-bbef-6e371c3e9d92?version=2018-05-26T134315.794772Z	crai	38c314a163d8f7b8bae15ff3b0670c0b	Argon
NWD234815	HG01111	WashU	gs://topmed-irc-share/public/NWD234815.recab.cram	s3://cgp-commons-public/topmed_open_access/233bc61e-e9e8-5f75-a8d9-189cfced36fe/NWD234815.recab.cram		dg.4503/ff8c5664-a713-4b7e-b411-91261b1ac9c2			dos://dos-dss.ucsc-cgp-dev.org/ff8c5664-a713-4b7e-b411-91261b1ac9c2?version=2018-05-26T133720.279530Z	cram	cc8ed08dbe1fa18dbc7bf02758197f65	Argon
NWD234815	HG01111	WashU	gs://topmed-irc-share/public/NWD234815.recab.cram.crai	s3://cgp-commons-public/topmed_open_access/233bc61e-e9e8-5f75-a8d9-189cfced36fe/NWD234815.recab.cram.crai		dg.4503/9df0ba81-d9c6-453b-9f6a-2724f2c47515			dos://dos-dss.ucsc-cgp-dev.org/9df0ba81-d9c6-453b-9f6a-2724f2c47515?version=2018-05-26T134315.857118Z	crai	3f2a2aa1c02ff801000489408ec957f9	Argon
NWD245311	NA12878	Broad	gs://topmed-irc-share/public/NWD245311.recab.cram	s3://cgp-commons-public/topmed_open_access/fca3e67d-7a05-5b1b-8c21-b92d3b9396db/NWD245311.recab.cram		dg.4503/dbf8ed06-d7b0-423f-a8a0-16429573748c			dos://dos-dss.ucsc-cgp-dev.org/dbf8ed06-d7b0-423f-a8a0-16429573748c?version=2018-05-26T133720.340715Z	cram	b0ada611c49207bf60ed3a49cb5ab32e	Argon
NWD245311	NA12878	Broad	gs://topmed-irc-share/public/NWD245311.recab.cram.crai	s3://cgp-commons-public/topmed_open_access/fca3e67d-7a05-5b1b-8c21-b92d3b9396db/NWD245311.recab.cram.crai		dg.4503/37486b2a-90e2-4138-8416-555c6293501c			dos://dos-dss.ucsc-cgp-dev.org/37486b2a-90e2-4138-8416-555c6293501c?version=2018-05-26T134315.918872Z	crai	1a64ffc62b60849407799f167e0d034f	Argon
NWD259170	HG01110	UW	gs://topmed-irc-share/public/NWD259170.recab.cram	s3://cgp-commons-public/topmed_open_access/0d6371a8-fc4f-5232-9660-e655903b17ea/NWD259170.recab.cram		dg.4503/b7c6ad18-070a-4721-a464-e61a1137f539			dos://dos-dss.ucsc-cgp-dev.org/b7c6ad18-070a-4721-a464-e61a1137f539?version=2018-05-26T133720.406678Z	cram	3ab8a7f174d7778c682ec7a867a176d3	Argon
NWD259170	HG01110	UW	gs://topmed-irc-share/public/NWD259170.recab.cram.crai	s3://cgp-commons-public/topmed_open_access/0d6371a8-fc4f-5232-9660-e655903b17ea/NWD259170.recab.cram.crai		dg.4503/a4c4d483-4dc3-46a8-a2b9-3649b5a43584			dos://dos-dss.ucsc-cgp-dev.org/a4c4d483-4dc3-46a8-a2b9-3649b5a43584?version=2018-05-26T134315.978796Z	crai	b933d8fb97268c951e610b6dfa20924d	Argon
NWD263474	NA19238	NYGC	gs://topmed-irc-share/public/NWD263474.recab.cram	s3://cgp-commons-public/topmed_open_access/098b40f5-34f7-5f1b-a0c4-4d12a5846b34/NWD263474.recab.cram		dg.4503/c86253ef-cd41-4aca-9af4-647050ed4e8d			dos://dos-dss.ucsc-cgp-dev.org/c86253ef-cd41-4aca-9af4-647050ed4e8d?version=2018-05-26T133720.469766Z	cram	3f1a86d7b6c49af3a0e3cb57e916cce3	Argon
NWD263474	NA19238	NYGC	gs://topmed-irc-share/public/NWD263474.recab.cram.crai	s3://cgp-commons-public/topmed_open_access/098b40f5-34f7-5f1b-a0c4-4d12a5846b34/NWD263474.recab.cram.crai		dg.4503/1ba9e375-d7e8-49e0-ba6d-2bebc48c10a8			dos://dos-dss.ucsc-cgp-dev.org/1ba9e375-d7e8-49e0-ba6d-2bebc48c10a8?version=2018-05-26T134316.042284Z	crai	f51e3eb4b7e5494ca80bd10863b7f579	Argon
NWD285363	NA19238	Broad	gs://topmed-irc-share/public/NWD285363.recab.cram	s3://cgp-commons-public/topmed_open_access/5120d264-b848-5419-b84a-fb9d58bb77a2/NWD285363.recab.cram	ark:/57799/b9jx3g	dg.4503/eb867176-0a7d-4495-a348-27747fc0797d			dos://dos-dss.ucsc-cgp-dev.org/eb867176-0a7d-4495-a348-27747fc0797d?version=2018-05-26T133720.531041Z	cram	93a48ca0df3a0bfb95908e89193bee59	Argon
NWD285363	NA19238	Broad	gs://topmed-irc-share/public/NWD285363.recab.cram.crai	s3://cgp-commons-public/topmed_open_access/5120d264-b848-5419-b84a-fb9d58bb77a2/NWD285363.recab.cram.crai	ark:/57799/b9jx3g	dg.4503/14eb31dc-8851-497b-bf6e-17d81b60cc3b			dos://dos-dss.ucsc-cgp-dev.org/14eb31dc-8851-497b-bf6e-17d81b60cc3b?version=2018-05-26T134316.105689Z	crai	06353b5cc92375537e37396f67b2e085	Argon
NWD290849	NA19238	NYGC	gs://topmed-irc-share/public/NWD290849.recab.cram	s3://cgp-commons-public/topmed_open_access/4654080c-9a94-5fcf-a69c-c73059169207/NWD290849.recab.cram		dg.4503/6e1c2aac-24ba-4a99-b14a-752a142ef42f			dos://dos-dss.ucsc-cgp-dev.org/6e1c2aac-24ba-4a99-b14a-752a142ef42f?version=2018-05-26T133720.590495Z	cram	4565a91cf3d8a2a43137b6b16d90433b	Argon
NWD290849	NA19238	NYGC	gs://topmed-irc-share/public/NWD290849.recab.cram.crai	s3://cgp-commons-public/topmed_open_access/4654080c-9a94-5fcf-a69c-c73059169207/NWD290849.recab.cram.crai		dg.4503/46df9ac5-0e72-4aa5-8e6b-6b55b362c29a			dos://dos-dss.ucsc-cgp-dev.org/46df9ac5-0e72-4aa5-8e6b-6b55b362c29a?version=2018-05-26T134316.170044Z	crai	b907979cdb02e90d2793548184518081	Argon
NWD293295	NA19238	NYGC	gs://topmed-irc-share/public/NWD293295.recab.cram	s3://cgp-commons-public/topmed_open_access/06c4bd47-c8e2-5045-8bae-bfad24633c87/NWD293295.recab.cram		dg.4503/5492e62f-d952-44b7-b69f-61fed8c2f34f			dos://dos-dss.ucsc-cgp-dev.org/5492e62f-d952-44b7-b69f-61fed8c2f34f?version=2018-05-26T133720.653186Z	cram	97f12e223e37379820d74354338a4f58	Argon
NWD293295	NA19238	NYGC	gs://topmed-irc-share/public/NWD293295.recab.cram.crai	s3://cgp-commons-public/topmed_open_access/06c4bd47-c8e2-5045-8bae-bfad24633c87/NWD293295.recab.cram.crai		dg.4503/21fd7c0a-4d87-4c57-9396-147d4c827b3f			dos://dos-dss.ucsc-cgp-dev.org/21fd7c0a-4d87-4c57-9396-147d4c827b3f?version=2018-05-26T134316.232174Z	crai	3a225f58729ac12d2d8e9142636ba6c9	Argon
NWD296991	NA19238	Baylor	gs://topmed-irc-share/public/NWD296991.recab.cram	s3://cgp-commons-public/topmed_open_access/53b9a38c-3bf7-5c70-8586-283e57ff2a16/NWD296991.recab.cram		dg.4503/1efb2a8f-cea8-4b89-8abc-cdd4ec2ee181			dos://dos-dss.ucsc-cgp-dev.org/1efb2a8f-cea8-4b89-8abc-cdd4ec2ee181?version=2018-05-26T133720.713314Z	cram	b3c0acb1e3cf18e73ff1bae08bfac265	Argon
NWD296991	NA19238	Baylor	gs://topmed-irc-share/public/NWD296991.recab.cram.crai	s3://cgp-commons-public/topmed_open_access/53b9a38c-3bf7-5c70-8586-283e57ff2a16/NWD296991.recab.cram.crai		dg.4503/402450e6-6f53-433b-badb-db8ef5371687			dos://dos-dss.ucsc-cgp-dev.org/402450e6-6f53-433b-badb-db8ef5371687?version=2018-05-26T134316.295417Z	crai	53f0768f63008f93e0795141491476b7	Argon
NWD298195	NA12878	UW	gs://topmed-irc-share/public/NWD298195.recab.cram	s3://cgp-commons-public/topmed_open_access/67890b80-cddd-5090-9148-01c5e57c698b/NWD298195.recab.cram		dg.4503/512567d0-38f9-4210-946b-7643a254adf5			dos://dos-dss.ucsc-cgp-dev.org/512567d0-38f9-4210-946b-7643a254adf5?version=2018-05-26T133720.774293Z	cram	6e7ca4c436a75a59e6b1bdebb9bf2830	Argon
NWD298195	NA12878	UW	gs://topmed-irc-share/public/NWD298195.recab.cram.crai	s3://cgp-commons-public/topmed_open_access/67890b80-cddd-5090-9148-01c5e57c698b/NWD298195.recab.cram.crai		dg.4503/5c8e1f2e-6e5a-45cc-a593-f045cb7bf73d			dos://dos-dss.ucsc-cgp-dev.org/5c8e1f2e-6e5a-45cc-a593-f045cb7bf73d?version=2018-05-26T134316.357090Z	crai	595225f47ec09f4af0d3852c4e4f5d8d	Argon
NWD315195	NA12878	Broad	gs://topmed-irc-share/public/NWD315195.recab.cram	s3://cgp-commons-public/topmed_open_access/53616666-8c71-5db7-9e6d-fd9f7a14d518/NWD315195.recab.cram	ark:/99999/fk4UMc9nkFNKJ8E	dg.4503/688551f4-ccb6-484d-abcd-bae2ea0b4f13			dos://dos-dss.ucsc-cgp-dev.org/688551f4-ccb6-484d-abcd-bae2ea0b4f13?version=2018-05-26T133720.834659Z	cram	672667330160da3b80c24bddfa68da14	Argon
NWD315195	NA12878	Broad	gs://topmed-irc-share/public/NWD315195.recab.cram.crai	s3://cgp-commons-public/topmed_open_access/53616666-8c71-5db7-9e6d-fd9f7a14d518/NWD315195.recab.cram.crai	ark:/99999/fk4UMc9nkFNKJ8E	dg.4503/69751068-3b97-47b6-8f90-53a57a228e5f			dos://dos-dss.ucsc-cgp-dev.org/69751068-3b97-47b6-8f90-53a57a228e5f?version=2018-05-26T134316.424289Z	crai	674399930ac9f43289aa0ec781fb3575	Argon
NWD315403	HG01249	UW	gs://topmed-irc-share/public/NWD315403.recab.cram	s3://cgp-commons-public/topmed_open_access/d688eb64-049c-5c3a-bc51-75e50791be49/NWD315403.recab.cram		dg.4503/be07e9bd-f750-4686-9777-57edaad08ffb			dos://dos-dss.ucsc-cgp-dev.org/be07e9bd-f750-4686-9777-57edaad08ffb?version=2018-05-26T133720.895742Z	cram	3668a7438c86d4f64ce7b3f9cfa8c887	Argon
NWD315403	HG01249	UW	gs://topmed-irc-share/public/NWD315403.recab.cram.crai	s3://cgp-commons-public/topmed_open_access/d688eb64-049c-5c3a-bc51-75e50791be49/NWD315403.recab.cram.crai		dg.4503/97f5f248-a332-4644-945e-b14d6d9e6988			dos://dos-dss.ucsc-cgp-dev.org/97f5f248-a332-4644-945e-b14d6d9e6988?version=2018-05-26T134316.488125Z	crai	a2c646a1efc6a29167a101fcb95c2bb9	Argon
NWD316026	HG01249	WashU	gs://topmed-irc-share/public/NWD316026.recab.cram	s3://cgp-commons-public/topmed_open_access/6f05df48-f3c5-5289-9fdc-d519410c2719/NWD316026.recab.cram		dg.4503/6eadc064-de2b-4785-aca6-5ecbdd40bcbf			dos://dos-dss.ucsc-cgp-dev.org/6eadc064-de2b-4785-aca6-5ecbdd40bcbf?version=2018-05-26T133720.956453Z	cram	fcd6cb108459f972d9b1a511275fe1ee	Argon
NWD316026	HG01249	WashU	gs://topmed-irc-share/public/NWD316026.recab.cram.crai	s3://cgp-commons-public/topmed_open_access/6f05df48-f3c5-5289-9fdc-d519410c2719/NWD316026.recab.cram.crai		dg.4503/fc1f15d7-14cd-496f-b6c6-5df31c627d18			dos://dos-dss.ucsc-cgp-dev.org/fc1f15d7-14cd-496f-b6c6-5df31c627d18?version=2018-05-26T134316.553076Z	crai	332bd708951e395eca77464f43268230	Argon
NWD319341	NA19238	Broad	gs://topmed-irc-share/public/NWD319341.recab.cram	s3://cgp-commons-public/topmed_open_access/a4e58dc1-3425-54cf-bbe7-64dc01679da3/NWD319341.recab.cram		dg.4503/697e2d77-cf0a-4bba-b93a-2115a4fac331			dos://dos-dss.ucsc-cgp-dev.org/697e2d77-cf0a-4bba-b93a-2115a4fac331?version=2018-05-26T133721.016451Z	cram	0044399fa0f9356565c8cc0234217338	Argon
NWD319341	NA19238	Broad	gs://topmed-irc-share/public/NWD319341.recab.cram.crai	s3://cgp-commons-public/topmed_open_access/a4e58dc1-3425-54cf-bbe7-64dc01679da3/NWD319341.recab.cram.crai		dg.4503/ef1e759d-090f-43a1-9ccd-5597c25d06b8			dos://dos-dss.ucsc-cgp-dev.org/ef1e759d-090f-43a1-9ccd-5597c25d06b8?version=2018-05-26T134316.617534Z	crai	c5fd2b9973f68840a4d9f155376d009a	Argon
NWD373853	NA19238	Broad	gs://topmed-irc-share/public/NWD373853.recab.cram	s3://cgp-commons-public/topmed_open_access/8bae307d-9ffd-526c-b098-cd29f251f1ed/NWD373853.recab.cram		dg.4503/1b1cd368-c0a3-443f-89b8-702fb5315aed			dos://dos-dss.ucsc-cgp-dev.org/1b1cd368-c0a3-443f-89b8-702fb5315aed?version=2018-05-26T133721.079799Z	cram	b7eca49a975e67a990317bd75a2ab790	Argon
NWD373853	NA19238	Broad	gs://topmed-irc-share/public/NWD373853.recab.cram.crai	s3://cgp-commons-public/topmed_open_access/8bae307d-9ffd-526c-b098-cd29f251f1ed/NWD373853.recab.cram.crai		dg.4503/e63687c3-32ae-4353-8c0b-97efcac50837			dos://dos-dss.ucsc-cgp-dev.org/e63687c3-32ae-4353-8c0b-97efcac50837?version=2018-05-26T134316.680550Z	crai	0bcc9781c6ed8bf033275be244bcf295	Argon
NWD422016	NA19238	Broad	gs://topmed-irc-share/public/NWD422016.recab.cram	s3://cgp-commons-public/topmed_open_access/43029e62-c71a-5c41-a84a-da0795a16122/NWD422016.recab.cram		dg.4503/20efb98c-6f69-4aa5-9bb2-2853687a9e5c			dos://dos-dss.ucsc-cgp-dev.org/20efb98c-6f69-4aa5-9bb2-2853687a9e5c?version=2018-05-26T133721.144522Z	cram	c50f15182ef3bec7fd6341546f9815ee	Argon
NWD422016	NA19238	Broad	gs://topmed-irc-share/public/NWD422016.recab.cram.crai	s3://cgp-commons-public/topmed_open_access/43029e62-c71a-5c41-a84a-da0795a16122/NWD422016.recab.cram.crai		dg.4503/cb9d9c52-ef52-4f5c-8b89-6263ab9193a3			dos://dos-dss.ucsc-cgp-dev.org/cb9d9c52-ef52-4f5c-8b89-6263ab9193a3?version=2018-05-26T134316.742458Z	crai	5a7021cf60078d61ead9d6993f3f9f89	Argon
NWD428511	NA12878	Illumina	gs://topmed-irc-share/public/NWD428511.recab.cram	s3://cgp-commons-public/topmed_open_access/ca226d5f-f124-5058-97fa-44668716dfc1/NWD428511.recab.cram		dg.4503/10734716-f251-405f-869f-15b104394cff			dos://dos-dss.ucsc-cgp-dev.org/10734716-f251-405f-869f-15b104394cff?version=2018-05-26T133721.224367Z	cram	54416774e9bf19a76abfb9a1371a6ec9	Argon
NWD428511	NA12878	Illumina	gs://topmed-irc-share/public/NWD428511.recab.cram.crai	s3://cgp-commons-public/topmed_open_access/ca226d5f-f124-5058-97fa-44668716dfc1/NWD428511.recab.cram.crai		dg.4503/6463ed38-cebf-4082-aa64-a367036709e4			dos://dos-dss.ucsc-cgp-dev.org/6463ed38-cebf-4082-aa64-a367036709e4?version=2018-05-26T134316.804029Z	crai	9ba6256db455bbfd9a5aef0cddc6ef86	Argon
NWD433038	NA12878	UW	gs://topmed-irc-share/public/NWD433038.recab.cram	s3://cgp-commons-public/topmed_open_access/619d8595-e9dc-5f73-b76b-0dee62e58276/NWD433038.recab.cram		dg.4503/e67e7e9b-0b79-4685-a019-6295f7355e4a			dos://dos-dss.ucsc-cgp-dev.org/e67e7e9b-0b79-4685-a019-6295f7355e4a?version=2018-05-26T133721.285613Z	cram	a31410a6f0403feb34cffaa4ccc9ed4a	Argon
NWD433038	NA12878	UW	gs://topmed-irc-share/public/NWD433038.recab.cram.crai	s3://cgp-commons-public/topmed_open_access/619d8595-e9dc-5f73-b76b-0dee62e58276/NWD433038.recab.cram.crai		dg.4503/142040f6-7d6a-40b9-af9e-5c288263686e			dos://dos-dss.ucsc-cgp-dev.org/142040f6-7d6a-40b9-af9e-5c288263686e?version=2018-05-26T134316.866151Z	crai	f8d17754d7612ed78b2ffceca1340ef2	Argon
NWD434806	NA12878	Baylor	gs://topmed-irc-share/public/NWD434806.recab.cram	s3://cgp-commons-public/topmed_open_access/a37affc9-2138-5d29-bb26-b237d773b843/NWD434806.recab.cram		dg.4503/18349f46-e944-462d-b1fd-d25b2ffb0258			dos://dos-dss.ucsc-cgp-dev.org/18349f46-e944-462d-b1fd-d25b2ffb0258?version=2018-05-26T133721.344777Z	cram	9f646e857d60aeef3180510e391bec32	Argon
NWD434806	NA12878	Baylor	gs://topmed-irc-share/public/NWD434806.recab.cram.crai	s3://cgp-commons-public/topmed_open_access/a37affc9-2138-5d29-bb26-b237d773b843/NWD434806.recab.cram.crai		dg.4503/b973edea-0b53-4161-8c24-99ac25a39a2e			dos://dos-dss.ucsc-cgp-dev.org/b973edea-0b53-4161-8c24-99ac25a39a2e?version=2018-05-26T134316.928606Z	crai	ae3585109414fc53e610d399d9ecd721	Argon
NWD444824	NA19238	Baylor	gs://topmed-irc-share/public/NWD444824.recab.cram	s3://cgp-commons-public/topmed_open_access/0a5f13d7-a1f5-55f6-994f-48f252ac61c7/NWD444824.recab.cram		dg.4503/4ca0ea1c-fcbd-4ea5-9798-6ea957ced3a3			dos://dos-dss.ucsc-cgp-dev.org/4ca0ea1c-fcbd-4ea5-9798-6ea957ced3a3?version=2018-05-26T133721.405122Z	cram	f16db94ae3c1ec5d87b0636fcb82d6cc	Argon
NWD444824	NA19238	Baylor	gs://topmed-irc-share/public/NWD444824.recab.cram.crai	s3://cgp-commons-public/topmed_open_access/0a5f13d7-a1f5-55f6-994f-48f252ac61c7/NWD444824.recab.cram.crai		dg.4503/17ce8193-0182-4a4c-89a4-9af9e48fac8e			dos://dos-dss.ucsc-cgp-dev.org/17ce8193-0182-4a4c-89a4-9af9e48fac8e?version=2018-05-26T134316.990945Z	crai	21297cc6fdee481321adf0c93701ea1d	Argon
NWD446684	NA19238	Illumina	gs://topmed-irc-share/public/NWD446684.recab.cram	s3://cgp-commons-public/topmed_open_access/53ae11a8-ef4d-5aa6-9227-f372b422f5a1/NWD446684.recab.cram		dg.4503/77a90cd8-9e71-4125-9154-076bcc26e589			dos://dos-dss.ucsc-cgp-dev.org/77a90cd8-9e71-4125-9154-076bcc26e589?version=2018-05-26T133721.466909Z	cram	ba3c3d9bba5994f1dfb73c408915a159	Argon
NWD446684	NA19238	Illumina	gs://topmed-irc-share/public/NWD446684.recab.cram.crai	s3://cgp-commons-public/topmed_open_access/53ae11a8-ef4d-5aa6-9227-f372b422f5a1/NWD446684.recab.cram.crai		dg.4503/1aad0eb6-0d89-4fdd-976c-f9aa248fc88c			dos://dos-dss.ucsc-cgp-dev.org/1aad0eb6-0d89-4fdd-976c-f9aa248fc88c?version=2018-05-26T134317.056861Z	crai	bf140ba9778dd091d533c59d888c4463	Argon
NWD455342	NA19238	UW	gs://topmed-irc-share/public/NWD455342.recab.cram	s3://cgp-commons-public/topmed_open_access/711e55a4-c3e9-50af-8a85-41829fb84cae/NWD455342.recab.cram		dg.4503/4d427aa3-5640-4f00-81ae-c33443f84acf			dos://dos-dss.ucsc-cgp-dev.org/4d427aa3-5640-4f00-81ae-c33443f84acf?version=2018-05-26T133721.525626Z	cram	3c7bee51a892e6561359812f62655472	Calcium
NWD455342	NA19238	UW	gs://topmed-irc-share/public/NWD455342.recab.cram.crai	s3://cgp-commons-public/topmed_open_access/711e55a4-c3e9-50af-8a85-41829fb84cae/NWD455342.recab.cram.crai		dg.4503/226686cf-22c9-4472-9f79-7a0b0044f253			dos://dos-dss.ucsc-cgp-dev.org/226686cf-22c9-4472-9f79-7a0b0044f253?version=2018-05-26T134317.122763Z	crai	aebcca76d984f767face11b80adcf2db	Calcium
NWD463423	HG01249	NYGC	gs://topmed-irc-share/public/NWD463423.recab.cram	s3://cgp-commons-public/topmed_open_access/8f5cf669-b1a9-5f00-a726-18de8fb46fb6/NWD463423.recab.cram		dg.4503/7e935fce-5d51-4691-9ef0-f74765fecb75			dos://dos-dss.ucsc-cgp-dev.org/7e935fce-5d51-4691-9ef0-f74765fecb75?version=2018-05-26T133721.585702Z	cram	89744f366e419e0ba44ad7f20aa0a606	Calcium
NWD463423	HG01249	NYGC	gs://topmed-irc-share/public/NWD463423.recab.cram.crai	s3://cgp-commons-public/topmed_open_access/8f5cf669-b1a9-5f00-a726-18de8fb46fb6/NWD463423.recab.cram.crai		dg.4503/b7f70d3b-b660-4537-97ba-0b352ea4a5dd			dos://dos-dss.ucsc-cgp-dev.org/b7f70d3b-b660-4537-97ba-0b352ea4a5dd?version=2018-05-26T134317.185079Z	crai	cd8326bd93c9f99b1ec922fc6f16670e	Calcium
NWD465900	NA19238	Broad	gs://topmed-irc-share/public/NWD465900.recab.cram	s3://cgp-commons-public/topmed_open_access/c3524a5a-ac23-5a75-9004-8f19ee3d0100/NWD465900.recab.cram		dg.4503/3333f347-fcd1-4d44-926f-416dc264e699			dos://dos-dss.ucsc-cgp-dev.org/3333f347-fcd1-4d44-926f-416dc264e699?version=2018-05-26T133721.648310Z	cram	0e50a4643166261ed442a90d7fe981c1	Calcium
NWD465900	NA19238	Broad	gs://topmed-irc-share/public/NWD465900.recab.cram.crai	s3://cgp-commons-public/topmed_open_access/c3524a5a-ac23-5a75-9004-8f19ee3d0100/NWD465900.recab.cram.crai		dg.4503/f951e449-a2e3-4ead-bd1c-ee2e9d2287c4			dos://dos-dss.ucsc-cgp-dev.org/f951e449-a2e3-4ead-bd1c-ee2e9d2287c4?version=2018-05-26T134317.248806Z	crai	16cef10bcee60df0c92f9576cfb9fc72	Calcium
NWD470340	NA12878	UW	gs://topmed-irc-share/public/NWD470340.recab.cram	s3://cgp-commons-public/topmed_open_access/9ac0f570-1dd4-5f13-b146-23cfd2d728fa/NWD470340.recab.cram		dg.4503/2e4478fc-8f5e-454e-a9e4-57eaacfa47a6			dos://dos-dss.ucsc-cgp-dev.org/2e4478fc-8f5e-454e-a9e4-57eaacfa47a6?version=2018-05-26T133721.711159Z	cram	5e7d55ce0e71c1e6aaac8ecf5decd00c	Calcium
NWD470340	NA12878	UW	gs://topmed-irc-share/public/NWD470340.recab.cram.crai	s3://cgp-commons-public/topmed_open_access/9ac0f570-1dd4-5f13-b146-23cfd2d728fa/NWD470340.recab.cram.crai		dg.4503/73eb9158-d096-44df-898c-297ee43b093d			dos://dos-dss.ucsc-cgp-dev.org/73eb9158-d096-44df-898c-297ee43b093d?version=2018-05-26T134317.312346Z	crai	c28362d8200c2fe7667cd3839a4e9e9f	Calcium
NWD479955	NA12878	Broad	gs://topmed-irc-share/public/NWD479955.recab.cram	s3://cgp-commons-public/topmed_open_access/f8232b19-9e07-534d-ba2e-86cd4a38987c/NWD479955.recab.cram		dg.4503/e0de2cbd-d013-4f1d-a2d0-bc34064e8238			dos://dos-dss.ucsc-cgp-dev.org/e0de2cbd-d013-4f1d-a2d0-bc34064e8238?version=2018-05-26T133721.772849Z	cram	7be536a65848e0ff1593d4af6e21c084	Calcium
NWD479955	NA12878	Broad	gs://topmed-irc-share/public/NWD479955.recab.cram.crai	s3://cgp-commons-public/topmed_open_access/f8232b19-9e07-534d-ba2e-86cd4a38987c/NWD479955.recab.cram.crai		dg.4503/dd26affb-ff70-4e6a-ba7d-3b5638492e80			dos://dos-dss.ucsc-cgp-dev.org/dd26affb-ff70-4e6a-ba7d-3b5638492e80?version=2018-05-26T134317.378037Z	crai	58c35ed48b19c62ed987763b7168006b	Calcium
NWD480514	NA19238	Broad	gs://topmed-irc-share/public/NWD480514.recab.cram	s3://cgp-commons-public/topmed_open_access/1111ec7b-675d-5c00-8aa4-7eea28f2b846/NWD480514.recab.cram		dg.4503/1465f7b2-1586-46ec-a3ec-09c3edd0afc9			dos://dos-dss.ucsc-cgp-dev.org/1465f7b2-1586-46ec-a3ec-09c3edd0afc9?version=2018-05-26T133721.835904Z	cram	e3e1533f67ea2139796f1cbcd2a6b297	Calcium
NWD480514	NA19238	Broad	gs://topmed-irc-share/public/NWD480514.recab.cram.crai	s3://cgp-commons-public/topmed_open_access/1111ec7b-675d-5c00-8aa4-7eea28f2b846/NWD480514.recab.cram.crai		dg.4503/b1266976-fd47-4a32-a7f4-d367d545abb2			dos://dos-dss.ucsc-cgp-dev.org/b1266976-fd47-4a32-a7f4-d367d545abb2?version=2018-05-26T134317.443990Z	crai	2f160ab47e55d0e2f51b19264f917a30	Calcium
NWD490850	NA19238	UW	gs://topmed-irc-share/public/NWD490850.recab.cram	s3://cgp-commons-public/topmed_open_access/e259d394-9382-5cbd-bdf1-5122fad69e54/NWD490850.recab.cram		dg.4503/d98d4cc9-ab9e-4bbe-8540-66e93cd5061e			dos://dos-dss.ucsc-cgp-dev.org/d98d4cc9-ab9e-4bbe-8540-66e93cd5061e?version=2018-05-26T133721.898614Z	cram	24a0c6058a1af43f73b81d93b8f643ee	Calcium
NWD490850	NA19238	UW	gs://topmed-irc-share/public/NWD490850.recab.cram.crai	s3://cgp-commons-public/topmed_open_access/e259d394-9382-5cbd-bdf1-5122fad69e54/NWD490850.recab.cram.crai		dg.4503/19b258a9-9f6e-478b-ad68-3c978bf1da67			dos://dos-dss.ucsc-cgp-dev.org/19b258a9-9f6e-478b-ad68-3c978bf1da67?version=2018-05-26T134317.508919Z	crai	a1b077032c4c4b71b805c1358761e053	Calcium
NWD492101	HG01249	Baylor	gs://topmed-irc-share/public/NWD492101.recab.cram	s3://cgp-commons-public/topmed_open_access/e349610e-2214-5df6-a3fe-09928eff4d6a/NWD492101.recab.cram		dg.4503/2f909987-1a02-488e-8f72-ea85f3466892			dos://dos-dss.ucsc-cgp-dev.org/2f909987-1a02-488e-8f72-ea85f3466892?version=2018-05-26T133721.959784Z	cram	74ac6feea8126382d0ba2613a06665e5	Calcium
NWD492101	HG01249	Baylor	gs://topmed-irc-share/public/NWD492101.recab.cram.crai	s3://cgp-commons-public/topmed_open_access/e349610e-2214-5df6-a3fe-09928eff4d6a/NWD492101.recab.cram.crai		dg.4503/f58d45b9-3010-4bed-8785-232c08f0c5be			dos://dos-dss.ucsc-cgp-dev.org/f58d45b9-3010-4bed-8785-232c08f0c5be?version=2018-05-26T134317.572418Z	crai	607ecc8ccbf85e966aa7114111f24e27	Calcium
NWD495157	HG01111	Broad	gs://topmed-irc-share/public/NWD495157.recab.cram	s3://cgp-commons-public/topmed_open_access/7cb8741a-4601-5449-ad8f-fb542c72c42d/NWD495157.recab.cram		dg.4503/edc37b4e-e1e3-4e7e-aa24-58069947856d			dos://dos-dss.ucsc-cgp-dev.org/edc37b4e-e1e3-4e7e-aa24-58069947856d?version=2018-05-26T133722.019885Z	cram	ae7edf5464fc21a10ae96fed389fc12d	Calcium
NWD495157	HG01111	Broad	gs://topmed-irc-share/public/NWD495157.recab.cram.crai	s3://cgp-commons-public/topmed_open_access/7cb8741a-4601-5449-ad8f-fb542c72c42d/NWD495157.recab.cram.crai		dg.4503/77bb291f-ea41-40a5-98c0-e94da7defa96			dos://dos-dss.ucsc-cgp-dev.org/77bb291f-ea41-40a5-98c0-e94da7defa96?version=2018-05-26T134317.633575Z	crai	26cad1d5998d38f18f3c8fdf683d81f7	Calcium
NWD496530	NA12878	Broad	gs://topmed-irc-share/public/NWD496530.recab.cram	s3://cgp-commons-public/topmed_open_access/5c16f6ef-62fe-55c0-b680-f24fadf1edd1/NWD496530.recab.cram		dg.4503/4360a983-39a9-4561-bccb-b832762155f1			dos://dos-dss.ucsc-cgp-dev.org/4360a983-39a9-4561-bccb-b832762155f1?version=2018-05-26T133722.080589Z	cram	2dc0ef2ee0bbd14610c603cd96a078b1	Calcium
NWD496530	NA12878	Broad	gs://topmed-irc-share/public/NWD496530.recab.cram.crai	s3://cgp-commons-public/topmed_open_access/5c16f6ef-62fe-55c0-b680-f24fadf1edd1/NWD496530.recab.cram.crai		dg.4503/caef27e9-89f7-4f78-b60a-16f3e9578a31			dos://dos-dss.ucsc-cgp-dev.org/caef27e9-89f7-4f78-b60a-16f3e9578a31?version=2018-05-26T134317.695928Z	crai	5ec16daf37e7b43833062297e8b9d176	Calcium
NWD502718	NA19238	NYGC	gs://topmed-irc-share/public/NWD502718.recab.cram	s3://cgp-commons-public/topmed_open_access/569e282f-3e8c-5dc0-b49e-a6bf72a17e1d/NWD502718.recab.cram		dg.4503/c05d664a-8e89-48fc-8ddc-b075ec903dd7			dos://dos-dss.ucsc-cgp-dev.org/c05d664a-8e89-48fc-8ddc-b075ec903dd7?version=2018-05-26T133722.149737Z	cram	e615d449d2e4d931e2095a2a207fb88b	Calcium
NWD502718	NA19238	NYGC	gs://topmed-irc-share/public/NWD502718.recab.cram.crai	s3://cgp-commons-public/topmed_open_access/569e282f-3e8c-5dc0-b49e-a6bf72a17e1d/NWD502718.recab.cram.crai		dg.4503/f53c3972-445a-4adc-a559-1576bc24abb6			dos://dos-dss.ucsc-cgp-dev.org/f53c3972-445a-4adc-a559-1576bc24abb6?version=2018-05-26T134317.757618Z	crai	82870b42c81889fa063df3a7504ef1bd	Calcium
NWD512755	NA12878	NYGC	gs://topmed-irc-share/public/NWD512755.recab.cram	s3://cgp-commons-public/topmed_open_access/51bfca7e-4180-51b7-aafc-a13c730723a6/NWD512755.recab.cram		dg.4503/d204065f-4a7f-4c02-bad8-5ee149f2f468			dos://dos-dss.ucsc-cgp-dev.org/d204065f-4a7f-4c02-bad8-5ee149f2f468?version=2018-05-26T133722.208590Z	cram	ca265a56639f47725c74c830149fc78b	Calcium
NWD512755	NA12878	NYGC	gs://topmed-irc-share/public/NWD512755.recab.cram.crai	s3://cgp-commons-public/topmed_open_access/51bfca7e-4180-51b7-aafc-a13c730723a6/NWD512755.recab.cram.crai		dg.4503/f0e622f9-c8b0-4759-a4c3-3a83491bf76e			dos://dos-dss.ucsc-cgp-dev.org/f0e622f9-c8b0-4759-a4c3-3a83491bf76e?version=2018-05-26T134317.819978Z	crai	b4dcd01b0e1fedd8be419825908581c2	Calcium
NWD518110	NA19238	UW	gs://topmed-irc-share/public/NWD518110.recab.cram	s3://cgp-commons-public/topmed_open_access/d77f88ac-e7c1-5ab5-b598-c83468a84605/NWD518110.recab.cram		dg.4503/1eb90382-09cd-4b98-8771-7fb85b944598			dos://dos-dss.ucsc-cgp-dev.org/1eb90382-09cd-4b98-8771-7fb85b944598?version=2018-05-26T133722.269802Z	cram	2c82bf427703624ffcdb7a25c1f5fa01	Calcium
NWD518110	NA19238	UW	gs://topmed-irc-share/public/NWD518110.recab.cram.crai	s3://cgp-commons-public/topmed_open_access/d77f88ac-e7c1-5ab5-b598-c83468a84605/NWD518110.recab.cram.crai		dg.4503/e9244439-3dde-4793-97b9-0dddba51b8f6			dos://dos-dss.ucsc-cgp-dev.org/e9244439-3dde-4793-97b9-0dddba51b8f6?version=2018-05-26T134317.886431Z	crai	81fa87e1b0b0f2c120fc43558ba1d15b	Calcium
NWD524030	NA19238	Baylor	gs://topmed-irc-share/public/NWD524030.recab.cram	s3://cgp-commons-public/topmed_open_access/0f0ab08f-9c18-57a1-808c-f48945685982/NWD524030.recab.cram		dg.4503/5496803e-ea7c-4188-ad50-d6a09f16d564			dos://dos-dss.ucsc-cgp-dev.org/5496803e-ea7c-4188-ad50-d6a09f16d564?version=2018-05-26T133722.331027Z	cram	1cacc95ca5d0f928d57aaac59c3a87e7	Calcium
NWD524030	NA19238	Baylor	gs://topmed-irc-share/public/NWD524030.recab.cram.crai	s3://cgp-commons-public/topmed_open_access/0f0ab08f-9c18-57a1-808c-f48945685982/NWD524030.recab.cram.crai		dg.4503/827949f6-e830-4b15-90bd-7587fc4f538c			dos://dos-dss.ucsc-cgp-dev.org/827949f6-e830-4b15-90bd-7587fc4f538c?version=2018-05-26T134317.951950Z	crai	b74545c51c04c11ee035622eaf98a4e5	Calcium
NWD535753	NA12878	Broad	gs://topmed-irc-share/public/NWD535753.recab.cram	s3://cgp-commons-public/topmed_open_access/535cc096-1933-5ce9-8ab7-92e8f7d01069/NWD535753.recab.cram		dg.4503/f27efc60-113a-40fc-bf69-43291b7bfa1a			dos://dos-dss.ucsc-cgp-dev.org/f27efc60-113a-40fc-bf69-43291b7bfa1a?version=2018-05-26T133722.394759Z	cram	d63b713b54ce42d9f0a765b88517ae3a	Calcium
NWD535753	NA12878	Broad	gs://topmed-irc-share/public/NWD535753.recab.cram.crai	s3://cgp-commons-public/topmed_open_access/535cc096-1933-5ce9-8ab7-92e8f7d01069/NWD535753.recab.cram.crai		dg.4503/527652bf-7324-474f-8513-2cb4dd6163ca			dos://dos-dss.ucsc-cgp-dev.org/527652bf-7324-474f-8513-2cb4dd6163ca?version=2018-05-26T134318.014659Z	crai	f051f80ab2bb2dece9d97a8861eefd9c	Calcium
NWD548310	NA12878	Baylor	gs://topmed-irc-share/public/NWD548310.recab.cram	s3://cgp-commons-public/topmed_open_access/32ad73a6-a714-5467-b89c-ba09034ea9e0/NWD548310.recab.cram		dg.4503/4a157946-d73e-4fec-87cd-0565c7e94462			dos://dos-dss.ucsc-cgp-dev.org/4a157946-d73e-4fec-87cd-0565c7e94462?version=2018-05-26T133722.457966Z	cram	140c79cdc6a0aac8f567925734e9e89f	Calcium
NWD548310	NA12878	Baylor	gs://topmed-irc-share/public/NWD548310.recab.cram.crai	s3://cgp-commons-public/topmed_open_access/32ad73a6-a714-5467-b89c-ba09034ea9e0/NWD548310.recab.cram.crai		dg.4503/36e9a65c-da44-4f9a-b22a-95ebd3f46976			dos://dos-dss.ucsc-cgp-dev.org/36e9a65c-da44-4f9a-b22a-95ebd3f46976?version=2018-05-26T134318.078196Z	crai	8b1a1124d81633edb0bcba802f3423c9	Calcium
NWD578417	NA12878	UW	gs://topmed-irc-share/public/NWD578417.recab.cram	s3://cgp-commons-public/topmed_open_access/139f30ba-62d3-50fb-9177-ab3d370e29f8/NWD578417.recab.cram		dg.4503/5e1e33cf-46e1-4d3b-8973-73d5141ff362			dos://dos-dss.ucsc-cgp-dev.org/5e1e33cf-46e1-4d3b-8973-73d5141ff362?version=2018-05-26T133722.525286Z	cram	4d3db57cb88604b8e954ea048ff860a4	Calcium
NWD578417	NA12878	UW	gs://topmed-irc-share/public/NWD578417.recab.cram.crai	s3://cgp-commons-public/topmed_open_access/139f30ba-62d3-50fb-9177-ab3d370e29f8/NWD578417.recab.cram.crai		dg.4503/9626bdfb-1bc2-4dff-afaf-c6af2ee4190a			dos://dos-dss.ucsc-cgp-dev.org/9626bdfb-1bc2-4dff-afaf-c6af2ee4190a?version=2018-05-26T134318.143152Z	crai	327ee0c5c1f606ce22a753d82b76285e	Calcium
NWD578584	NA19238	Broad	gs://topmed-irc-share/public/NWD578584.recab.cram	s3://cgp-commons-public/topmed_open_access/b18e8670-ad64-5b4a-ae94-ea75acbb766c/NWD578584.recab.cram		dg.4503/3c1cb11c-7d82-4fa6-82a1-4d01c090947c			dos://dos-dss.ucsc-cgp-dev.org/3c1cb11c-7d82-4fa6-82a1-4d01c090947c?version=2018-05-26T133722.586519Z	cram	f80a91d48af2a345983022d30a7c89c8	Calcium
NWD578584	NA19238	Broad	gs://topmed-irc-share/public/NWD578584.recab.cram.crai	s3://cgp-commons-public/topmed_open_access/b18e8670-ad64-5b4a-ae94-ea75acbb766c/NWD578584.recab.cram.crai		dg.4503/e41d4c86-853e-4845-9afa-1381d9ffefde			dos://dos-dss.ucsc-cgp-dev.org/e41d4c86-853e-4845-9afa-1381d9ffefde?version=2018-05-26T134318.205594Z	crai	e58193361548a63f6b80232304bb39f4	Calcium
NWD580039	NA12878	Broad	gs://topmed-irc-share/public/NWD580039.recab.cram	s3://cgp-commons-public/topmed_open_access/96c790a1-ebdb-5eff-9b71-b1c114c7f01a/NWD580039.recab.cram		dg.4503/81d07e56-9521-407a-b840-b80dd0c291f0			dos://dos-dss.ucsc-cgp-dev.org/81d07e56-9521-407a-b840-b80dd0c291f0?version=2018-05-26T133722.648668Z	cram	9c02f9b2d91059675e59c9485aac7191	Calcium
NWD580039	NA12878	Broad	gs://topmed-irc-share/public/NWD580039.recab.cram.crai	s3://cgp-commons-public/topmed_open_access/96c790a1-ebdb-5eff-9b71-b1c114c7f01a/NWD580039.recab.cram.crai		dg.4503/30c41bfb-47d6-414e-ba37-501d6a8be524			dos://dos-dss.ucsc-cgp-dev.org/30c41bfb-47d6-414e-ba37-501d6a8be524?version=2018-05-26T134318.269605Z	crai	6ff240ddf426abdd6d37c4600b61e102	Calcium
NWD585842	HG01110	Baylor	gs://topmed-irc-share/public/NWD585842.recab.cram	s3://cgp-commons-public/topmed_open_access/2d8cc7e8-f150-555c-b859-2df1ce515212/NWD585842.recab.cram		dg.4503/42dbd125-e1cc-4544-9f36-1a4202e251aa			dos://dos-dss.ucsc-cgp-dev.org/42dbd125-e1cc-4544-9f36-1a4202e251aa?version=2018-05-26T133722.710720Z	cram	0bbc5a308439f4d369ef9092024237fd	Calcium
NWD585842	HG01110	Baylor	gs://topmed-irc-share/public/NWD585842.recab.cram.crai	s3://cgp-commons-public/topmed_open_access/2d8cc7e8-f150-555c-b859-2df1ce515212/NWD585842.recab.cram.crai		dg.4503/7afcc17e-5e3d-4ae0-945c-bb2e0334bb84			dos://dos-dss.ucsc-cgp-dev.org/7afcc17e-5e3d-4ae0-945c-bb2e0334bb84?version=2018-05-26T134318.332902Z	crai	ec581fe4afe31ee8253dc233651f4059	Calcium
NWD611564	NA19238	Baylor	gs://topmed-irc-share/public/NWD611564.recab.cram	s3://cgp-commons-public/topmed_open_access/86668e79-a0a0-5bcc-b1fc-c5fb30dbf0d1/NWD611564.recab.cram		dg.4503/c5474056-e00c-4274-86ac-d9df1c0d572b			dos://dos-dss.ucsc-cgp-dev.org/c5474056-e00c-4274-86ac-d9df1c0d572b?version=2018-05-26T133722.772719Z	cram	eb958526bdd401047f1024ed82e51e00	Calcium
NWD611564	NA19238	Baylor	gs://topmed-irc-share/public/NWD611564.recab.cram.crai	s3://cgp-commons-public/topmed_open_access/86668e79-a0a0-5bcc-b1fc-c5fb30dbf0d1/NWD611564.recab.cram.crai		dg.4503/45c1a477-d24e-4588-b2ec-065890b3e361			dos://dos-dss.ucsc-cgp-dev.org/45c1a477-d24e-4588-b2ec-065890b3e361?version=2018-05-26T134318.397658Z	crai	644deb8f4b4b1ebf2c640e0bdc8249b8	Calcium
NWD614349	HG01111	WashU	gs://topmed-irc-share/public/NWD614349.recab.cram	s3://cgp-commons-public/topmed_open_access/4d12e16e-c83c-5577-bb72-544b2e24e7d6/NWD614349.recab.cram		dg.4503/e9d23413-a98f-43a6-9454-ecd07a3f4691			dos://dos-dss.ucsc-cgp-dev.org/e9d23413-a98f-43a6-9454-ecd07a3f4691?version=2018-05-26T133722.833632Z	cram	ab5f867f5e77c0ac79c68034ceb4bd2e	Calcium
NWD614349	HG01111	WashU	gs://topmed-irc-share/public/NWD614349.recab.cram.crai	s3://cgp-commons-public/topmed_open_access/4d12e16e-c83c-5577-bb72-544b2e24e7d6/NWD614349.recab.cram.crai		dg.4503/0d416b72-6737-4552-b65b-290e1e614fe7			dos://dos-dss.ucsc-cgp-dev.org/0d416b72-6737-4552-b65b-290e1e614fe7?version=2018-05-26T134318.462435Z	crai	988c8cfdcc277b49368b054f4088ea5e	Calcium
NWD626020	NA19238	UW	gs://topmed-irc-share/public/NWD626020.recab.cram	s3://cgp-commons-public/topmed_open_access/5a48ab6c-56c3-53d9-8f66-98b09fe3ccf5/NWD626020.recab.cram		dg.4503/18ea450b-d390-4dc6-951e-ce31876c4f80			dos://dos-dss.ucsc-cgp-dev.org/18ea450b-d390-4dc6-951e-ce31876c4f80?version=2018-05-26T133722.895688Z	cram	937acb27a094e6d066e1fa35907ffaad	Calcium
NWD626020	NA19238	UW	gs://topmed-irc-share/public/NWD626020.recab.cram.crai	s3://cgp-commons-public/topmed_open_access/5a48ab6c-56c3-53d9-8f66-98b09fe3ccf5/NWD626020.recab.cram.crai		dg.4503/cd0d1391-c3d5-45e0-bba3-6c8e978bb150			dos://dos-dss.ucsc-cgp-dev.org/cd0d1391-c3d5-45e0-bba3-6c8e978bb150?version=2018-05-26T134318.530441Z	crai	114a33089721cc1061b60f371c230013	Calcium
NWD626736	NA19238	Broad	gs://topmed-irc-share/public/NWD626736.recab.cram	s3://cgp-commons-public/topmed_open_access/e4b61c48-fb8c-5b63-8324-74f495f97560/NWD626736.recab.cram		dg.4503/9b380d5b-3f5a-4774-bcab-e698125bc968			dos://dos-dss.ucsc-cgp-dev.org/9b380d5b-3f5a-4774-bcab-e698125bc968?version=2018-05-26T133722.956904Z	cram	57b6c83422fa4db1c4199178222fa5e5	Calcium
NWD626736	NA19238	Broad	gs://topmed-irc-share/public/NWD626736.recab.cram.crai	s3://cgp-commons-public/topmed_open_access/e4b61c48-fb8c-5b63-8324-74f495f97560/NWD626736.recab.cram.crai		dg.4503/34977404-1150-48d4-9051-13d91219b954			dos://dos-dss.ucsc-cgp-dev.org/34977404-1150-48d4-9051-13d91219b954?version=2018-05-26T134318.592303Z	crai	75cb3bb334a3f90bca7c078f99ea859a	Calcium
NWD635737	HG01111	NYGC	gs://topmed-irc-share/public/NWD635737.recab.cram	s3://cgp-commons-public/topmed_open_access/46e29f86-2983-5658-9f93-5f8aea24a4a2/NWD635737.recab.cram		dg.4503/de7a2c55-f86e-43f6-a959-ca0629ce6f80			dos://dos-dss.ucsc-cgp-dev.org/de7a2c55-f86e-43f6-a959-ca0629ce6f80?version=2018-05-26T133723.019615Z	cram	be3b86e00cf51b4e49f40c7b68dad95e	Calcium
NWD635737	HG01111	NYGC	gs://topmed-irc-share/public/NWD635737.recab.cram.crai	s3://cgp-commons-public/topmed_open_access/46e29f86-2983-5658-9f93-5f8aea24a4a2/NWD635737.recab.cram.crai		dg.4503/52928f3b-6d7b-49f4-b8f1-18f664206495			dos://dos-dss.ucsc-cgp-dev.org/52928f3b-6d7b-49f4-b8f1-18f664206495?version=2018-05-26T134318.661210Z	crai	c518afca372739c21bde57b9bb7d4a18	Calcium
NWD651125	NA19238	Baylor	gs://topmed-irc-share/public/NWD651125.recab.cram	s3://cgp-commons-public/topmed_open_access/492054ee-31e5-5516-ae96-fbba12fbc73d/NWD651125.recab.cram		dg.4503/0aefb2f4-b89a-4be4-9e40-d28f22fcaff6			dos://dos-dss.ucsc-cgp-dev.org/0aefb2f4-b89a-4be4-9e40-d28f22fcaff6?version=2018-05-26T133723.080237Z	cram	da53b7004fbe21e23e0c801ebc0c9b33	Helium
NWD651125	NA19238	Baylor	gs://topmed-irc-share/public/NWD651125.recab.cram.crai	s3://cgp-commons-public/topmed_open_access/492054ee-31e5-5516-ae96-fbba12fbc73d/NWD651125.recab.cram.crai		dg.4503/cc69b3c7-f573-42da-a8e7-4240bf6bdd1b			dos://dos-dss.ucsc-cgp-dev.org/cc69b3c7-f573-42da-a8e7-4240bf6bdd1b?version=2018-05-26T134318.729000Z	crai	e68e97d8cdba017ea2244943f13920f4	Helium
NWD651283	NA19238	Baylor	gs://topmed-irc-share/public/NWD651283.recab.cram	s3://cgp-commons-public/topmed_open_access/5aca4a92-7f22-5d4c-9ca9-d78f643e6922/NWD651283.recab.cram		dg.4503/b058787e-f883-4fae-84d4-85941342d2ca			dos://dos-dss.ucsc-cgp-dev.org/b058787e-f883-4fae-84d4-85941342d2ca?version=2018-05-26T133723.143131Z	cram	7ef80ed0f53f250123ac2860f199314d	Helium
NWD651283	NA19238	Baylor	gs://topmed-irc-share/public/NWD651283.recab.cram.crai	s3://cgp-commons-public/topmed_open_access/5aca4a92-7f22-5d4c-9ca9-d78f643e6922/NWD651283.recab.cram.crai		dg.4503/5e57d972-42f6-4574-9caf-0f585974cad0			dos://dos-dss.ucsc-cgp-dev.org/5e57d972-42f6-4574-9caf-0f585974cad0?version=2018-05-26T134318.794189Z	crai	5351eb7794e34ee21f05a462b17de713	Helium
NWD651359	NA19238	NYGC	gs://topmed-irc-share/public/NWD651359.recab.cram	s3://cgp-commons-public/topmed_open_access/9ccf3918-957b-58a5-96db-6edcde33e79a/NWD651359.recab.cram		dg.4503/915725b8-71e9-4886-819d-8c357fa70453			dos://dos-dss.ucsc-cgp-dev.org/915725b8-71e9-4886-819d-8c357fa70453?version=2018-05-26T133723.208133Z	cram	5e3b51845b1167f7d8b1f78953b0ac87	Helium
NWD651359	NA19238	NYGC	gs://topmed-irc-share/public/NWD651359.recab.cram.crai	s3://cgp-commons-public/topmed_open_access/9ccf3918-957b-58a5-96db-6edcde33e79a/NWD651359.recab.cram.crai		dg.4503/e42126b1-1079-44c2-9104-25b259da6fb3			dos://dos-dss.ucsc-cgp-dev.org/e42126b1-1079-44c2-9104-25b259da6fb3?version=2018-05-26T134318.854827Z	crai	d2fb8f943c737c43eebbf55cb6c37828	Helium
NWD652050	NA12878	Broad	gs://topmed-irc-share/public/NWD652050.recab.cram	s3://cgp-commons-public/topmed_open_access/631c7444-2d7c-5cdf-acdf-a4f8cb8083de/NWD652050.recab.cram		dg.4503/b1bbf219-c3a8-42ea-a839-08ae990c8bac			dos://dos-dss.ucsc-cgp-dev.org/b1bbf219-c3a8-42ea-a839-08ae990c8bac?version=2018-05-26T133723.271951Z	cram	ec8de926c9a787219d530c01ed14c6ca	Helium
NWD652050	NA12878	Broad	gs://topmed-irc-share/public/NWD652050.recab.cram.crai	s3://cgp-commons-public/topmed_open_access/631c7444-2d7c-5cdf-acdf-a4f8cb8083de/NWD652050.recab.cram.crai		dg.4503/cb009b05-392a-4dcb-9e42-a2afeb04e001			dos://dos-dss.ucsc-cgp-dev.org/cb009b05-392a-4dcb-9e42-a2afeb04e001?version=2018-05-26T134318.921155Z	crai	63a45f1668933d824697a18d23118b08	Helium
NWD672633	NA19238	UW	gs://topmed-irc-share/public/NWD672633.recab.cram	s3://cgp-commons-public/topmed_open_access/9373e98e-cbad-53cd-832b-e976b347b10a/NWD672633.recab.cram		dg.4503/f589da26-3dbb-45d5-8372-b2397b5200b1			dos://dos-dss.ucsc-cgp-dev.org/f589da26-3dbb-45d5-8372-b2397b5200b1?version=2018-05-26T133723.334830Z	cram	d6ed3e81438a65d367951d61b8b2e2b3	Helium
NWD672633	NA19238	UW	gs://topmed-irc-share/public/NWD672633.recab.cram.crai	s3://cgp-commons-public/topmed_open_access/9373e98e-cbad-53cd-832b-e976b347b10a/NWD672633.recab.cram.crai		dg.4503/3675cb4b-3b52-4967-9f5b-ec4ac56f3d9c			dos://dos-dss.ucsc-cgp-dev.org/3675cb4b-3b52-4967-9f5b-ec4ac56f3d9c?version=2018-05-26T134318.982349Z	crai	10857e829a739829c3b34fe9e4ea3b61	Helium
NWD677194	NA12878	Broad	gs://topmed-irc-share/public/NWD677194.recab.cram	s3://cgp-commons-public/topmed_open_access/db05ef47-7ec9-58cc-9572-0a594beef090/NWD677194.recab.cram		dg.4503/fea58a2f-9c37-46ef-ae28-04f97bcf7521			dos://dos-dss.ucsc-cgp-dev.org/fea58a2f-9c37-46ef-ae28-04f97bcf7521?version=2018-05-26T133723.396160Z	cram	849fb4401414803b819b48b45103c092	Helium
NWD677194	NA12878	Broad	gs://topmed-irc-share/public/NWD677194.recab.cram.crai	s3://cgp-commons-public/topmed_open_access/db05ef47-7ec9-58cc-9572-0a594beef090/NWD677194.recab.cram.crai		dg.4503/e77b6190-ea18-495c-bc24-a4ec7e2ab149			dos://dos-dss.ucsc-cgp-dev.org/e77b6190-ea18-495c-bc24-a4ec7e2ab149?version=2018-05-26T134319.044675Z	crai	753fde254a16d0d9e6c2dcbdddcb4df5	Helium
NWD684137	HG01249	Broad	gs://topmed-irc-share/public/NWD684137.recab.cram	s3://cgp-commons-public/topmed_open_access/3efd9f54-5275-5742-be11-29dc201aceba/NWD684137.recab.cram		dg.4503/8f912f6c-d9a4-4888-9098-e6935f84d224			dos://dos-dss.ucsc-cgp-dev.org/8f912f6c-d9a4-4888-9098-e6935f84d224?version=2018-05-26T133723.457946Z	cram	cfc5e9b64a2a70322a1a3435f5638475	Helium
NWD684137	HG01249	Broad	gs://topmed-irc-share/public/NWD684137.recab.cram.crai	s3://cgp-commons-public/topmed_open_access/3efd9f54-5275-5742-be11-29dc201aceba/NWD684137.recab.cram.crai		dg.4503/9544e018-c896-46b8-8706-45dcd73f5954			dos://dos-dss.ucsc-cgp-dev.org/9544e018-c896-46b8-8706-45dcd73f5954?version=2018-05-26T134319.108366Z	crai	8c2b2b1252c6c33eb3632f1a3c2f61fb	Helium
NWD697767	NA12878	Baylor	gs://topmed-irc-share/public/NWD697767.recab.cram	s3://cgp-commons-public/topmed_open_access/de6e96bf-ed76-512e-8010-45199bd1f44b/NWD697767.recab.cram		dg.4503/53231af9-1502-4914-8212-2e1f8686b2bc			dos://dos-dss.ucsc-cgp-dev.org/53231af9-1502-4914-8212-2e1f8686b2bc?version=2018-05-26T133723.521862Z	cram	2997d1bf63625e31da6d2b3a89797076	Helium
NWD697767	NA12878	Baylor	gs://topmed-irc-share/public/NWD697767.recab.cram.crai	s3://cgp-commons-public/topmed_open_access/de6e96bf-ed76-512e-8010-45199bd1f44b/NWD697767.recab.cram.crai		dg.4503/de9fd925-b1d5-4cfb-a71e-0e4143503461			dos://dos-dss.ucsc-cgp-dev.org/de9fd925-b1d5-4cfb-a71e-0e4143503461?version=2018-05-26T134319.174209Z	crai	ca0c8337b82830101d043c0f279f2465	Helium
NWD704221	NA12878	Broad	gs://topmed-irc-share/public/NWD704221.recab.cram	s3://cgp-commons-public/topmed_open_access/bbdeb0a6-1e2f-584f-a485-c3142744df03/NWD704221.recab.cram		dg.4503/59741055-903d-4f2a-ab8a-783da33ae908			dos://dos-dss.ucsc-cgp-dev.org/59741055-903d-4f2a-ab8a-783da33ae908?version=2018-05-26T133723.587358Z	cram	bfc69deaf85d3db7b0fbd639debffd61	Helium
NWD704221	NA12878	Broad	gs://topmed-irc-share/public/NWD704221.recab.cram.crai	s3://cgp-commons-public/topmed_open_access/bbdeb0a6-1e2f-584f-a485-c3142744df03/NWD704221.recab.cram.crai		dg.4503/15e752a2-acfa-435f-b803-e5f96e8c465e			dos://dos-dss.ucsc-cgp-dev.org/15e752a2-acfa-435f-b803-e5f96e8c465e?version=2018-05-26T134319.238887Z	crai	c79184340fa06fad064a72b8aecfbfc3	Helium
NWD714003	NA12878	Broad	gs://topmed-irc-share/public/NWD714003.recab.cram	s3://cgp-commons-public/topmed_open_access/77b7042d-7401-52cb-be48-644742dc6779/NWD714003.recab.cram		dg.4503/36550125-bbb8-4a87-b9b2-ac3627450aff			dos://dos-dss.ucsc-cgp-dev.org/36550125-bbb8-4a87-b9b2-ac3627450aff?version=2018-05-26T133723.649299Z	cram	0c7ccc71068666cbde77aacb97b2439b	Helium
NWD714003	NA12878	Broad	gs://topmed-irc-share/public/NWD714003.recab.cram.crai	s3://cgp-commons-public/topmed_open_access/77b7042d-7401-52cb-be48-644742dc6779/NWD714003.recab.cram.crai		dg.4503/c46d33ca-c08e-46b1-8dba-357f4ad5f398			dos://dos-dss.ucsc-cgp-dev.org/c46d33ca-c08e-46b1-8dba-357f4ad5f398?version=2018-05-26T134319.303042Z	crai	ba3d3aff7b9a7a8e193ff62435d1d87f	Helium
NWD716220	NA19238	Broad	gs://topmed-irc-share/public/NWD716220.recab.cram	s3://cgp-commons-public/topmed_open_access/9ca45184-6a9b-56a3-8896-b4ac48beee4b/NWD716220.recab.cram		dg.4503/a20ec0c3-2cc3-45c4-991f-57a5f1e646de			dos://dos-dss.ucsc-cgp-dev.org/a20ec0c3-2cc3-45c4-991f-57a5f1e646de?version=2018-05-26T133723.711432Z	cram	e0ad346b88de5cadd604dc96ee1ed6a9	Helium
NWD716220	NA19238	Broad	gs://topmed-irc-share/public/NWD716220.recab.cram.crai	s3://cgp-commons-public/topmed_open_access/9ca45184-6a9b-56a3-8896-b4ac48beee4b/NWD716220.recab.cram.crai		dg.4503/222df9ae-1f51-44e4-ac73-dd96abd8ba2d			dos://dos-dss.ucsc-cgp-dev.org/222df9ae-1f51-44e4-ac73-dd96abd8ba2d?version=2018-05-26T134319.365658Z	crai	84f63f430516cf891a4e6e6d3f4ea3c1	Helium
NWD725484	NA12878	Broad	gs://topmed-irc-share/public/NWD725484.recab.cram	s3://cgp-commons-public/topmed_open_access/3cc72127-3565-5703-b455-06f114f384a9/NWD725484.recab.cram		dg.4503/0717fb19-1b74-43a6-8201-dba271864d75			dos://dos-dss.ucsc-cgp-dev.org/0717fb19-1b74-43a6-8201-dba271864d75?version=2018-05-26T133723.773675Z	cram	677a263cf0a1e1cfabbe4fe59a66820c	Helium
NWD725484	NA12878	Broad	gs://topmed-irc-share/public/NWD725484.recab.cram.crai	s3://cgp-commons-public/topmed_open_access/3cc72127-3565-5703-b455-06f114f384a9/NWD725484.recab.cram.crai		dg.4503/a719f85b-831d-48c3-a053-c3234a8ae140			dos://dos-dss.ucsc-cgp-dev.org/a719f85b-831d-48c3-a053-c3234a8ae140?version=2018-05-26T134319.428882Z	crai	487fea29e53408d860bd89f54bba2319	Helium
NWD742333	NA19238	Baylor	gs://topmed-irc-share/public/NWD742333.recab.cram	s3://cgp-commons-public/topmed_open_access/dca54695-c32f-5e68-8a11-1021a3398c7e/NWD742333.recab.cram		dg.4503/7756b803-4edf-459e-9422-dbe36f800b4a			dos://dos-dss.ucsc-cgp-dev.org/7756b803-4edf-459e-9422-dbe36f800b4a?version=2018-05-26T133723.835302Z	cram	3d870eb818535cfb0c4ed6b2377a7933	Helium
NWD742333	NA19238	Baylor	gs://topmed-irc-share/public/NWD742333.recab.cram.crai	s3://cgp-commons-public/topmed_open_access/dca54695-c32f-5e68-8a11-1021a3398c7e/NWD742333.recab.cram.crai		dg.4503/a4d00dba-c9cb-45ec-9ff3-6713d1ad43ab			dos://dos-dss.ucsc-cgp-dev.org/a4d00dba-c9cb-45ec-9ff3-6713d1ad43ab?version=2018-05-26T134319.491678Z	crai	b35c48a553506fc1557205b82983c8e8	Helium
NWD746396	HG01249	WashU	gs://topmed-irc-share/public/NWD746396.recab.cram	s3://cgp-commons-public/topmed_open_access/777bf8c0-b84e-5a02-beba-c9861ed38c07/NWD746396.recab.cram		dg.4503/6ec144cf-831b-4eba-8859-ae0d19da73c3			dos://dos-dss.ucsc-cgp-dev.org/6ec144cf-831b-4eba-8859-ae0d19da73c3?version=2018-05-26T133723.897934Z	cram	919987c75a93cce6645bb752314b3e84	Helium
NWD746396	HG01249	WashU	gs://topmed-irc-share/public/NWD746396.recab.cram.crai	s3://cgp-commons-public/topmed_open_access/777bf8c0-b84e-5a02-beba-c9861ed38c07/NWD746396.recab.cram.crai		dg.4503/bc4bdd84-9c6e-4321-97b5-c4c9893f096b			dos://dos-dss.ucsc-cgp-dev.org/bc4bdd84-9c6e-4321-97b5-c4c9893f096b?version=2018-05-26T134319.554884Z	crai	3be7e401048885d0a3629c8fc0bf7f67	Helium
NWD754590	NA12878	Broad	gs://topmed-irc-share/public/NWD754590.recab.cram	s3://cgp-commons-public/topmed_open_access/ab9730cc-bc7b-5c59-9355-6481dd3603e9/NWD754590.recab.cram		dg.4503/931be4d6-73fd-422c-bf21-246303804b7c			dos://dos-dss.ucsc-cgp-dev.org/931be4d6-73fd-422c-bf21-246303804b7c?version=2018-05-26T133723.961714Z	cram	599431c7288be66e3818c0985edbac85	Helium
NWD754590	NA12878	Broad	gs://topmed-irc-share/public/NWD754590.recab.cram.crai	s3://cgp-commons-public/topmed_open_access/ab9730cc-bc7b-5c59-9355-6481dd3603e9/NWD754590.recab.cram.crai		dg.4503/41d5ae21-1026-4058-b0f7-da4848f1bf02			dos://dos-dss.ucsc-cgp-dev.org/41d5ae21-1026-4058-b0f7-da4848f1bf02?version=2018-05-26T134319.619507Z	crai	48489f0d13bfbfee826f06593979cbb6	Helium
NWD759405	NA19238	Broad	gs://topmed-irc-share/public/NWD759405.recab.cram	s3://cgp-commons-public/topmed_open_access/014a9de5-cb88-5e37-a196-b6e3ab30fff6/NWD759405.recab.cram		dg.4503/edb95bb2-9469-4320-85b3-6be2ac96570c			dos://dos-dss.ucsc-cgp-dev.org/edb95bb2-9469-4320-85b3-6be2ac96570c?version=2018-05-26T133724.025820Z	cram	6494e6f71ca926d282fdf6cb8d4529a9	Helium
NWD759405	NA19238	Broad	gs://topmed-irc-share/public/NWD759405.recab.cram.crai	s3://cgp-commons-public/topmed_open_access/014a9de5-cb88-5e37-a196-b6e3ab30fff6/NWD759405.recab.cram.crai		dg.4503/9e336502-3f20-46f3-8143-21b67a5c85b7			dos://dos-dss.ucsc-cgp-dev.org/9e336502-3f20-46f3-8143-21b67a5c85b7?version=2018-05-26T134319.681528Z	crai	df52538df058a2b49b68ca6c9d63a18d	Helium
NWD760327	NA19238	Macrogen	gs://topmed-irc-share/public/NWD760327.recab.cram	s3://cgp-commons-public/topmed_open_access/4596b9ba-f899-5ca7-992c-eef7e804cc2b/NWD760327.recab.cram		dg.4503/0ad95965-86a7-4dff-8741-15a48d568311			dos://dos-dss.ucsc-cgp-dev.org/0ad95965-86a7-4dff-8741-15a48d568311?version=2018-05-26T133724.088520Z	cram	ceae66f25d1941d1f1739a1fbe22e008	Helium
NWD760327	NA19238	Macrogen	gs://topmed-irc-share/public/NWD760327.recab.cram.crai	s3://cgp-commons-public/topmed_open_access/4596b9ba-f899-5ca7-992c-eef7e804cc2b/NWD760327.recab.cram.crai		dg.4503/d9e2fd62-a9ec-404e-b64c-7383a01fabe0			dos://dos-dss.ucsc-cgp-dev.org/d9e2fd62-a9ec-404e-b64c-7383a01fabe0?version=2018-05-26T134319.741834Z	crai	efba22449ee04680e2c027f4cbcdaa24	Helium
NWD761329	NA19238	Broad	gs://topmed-irc-share/public/NWD761329.recab.cram	s3://cgp-commons-public/topmed_open_access/e963c1cf-73d8-57d0-a50f-f7cd40a2de3f/NWD761329.recab.cram		dg.4503/6e0ef67d-c6b8-4b4c-b56b-52735f64f9f2			dos://dos-dss.ucsc-cgp-dev.org/6e0ef67d-c6b8-4b4c-b56b-52735f64f9f2?version=2018-05-26T133724.163131Z	cram	284d6f2f6db5990ffc29aa6bb247a4c2	Helium
NWD761329	NA19238	Broad	gs://topmed-irc-share/public/NWD761329.recab.cram.crai	s3://cgp-commons-public/topmed_open_access/e963c1cf-73d8-57d0-a50f-f7cd40a2de3f/NWD761329.recab.cram.crai		dg.4503/47a5b44f-50fa-4e50-b991-d562af315fb9			dos://dos-dss.ucsc-cgp-dev.org/47a5b44f-50fa-4e50-b991-d562af315fb9?version=2018-05-26T134319.803340Z	crai	cc0efb65f191cd59329da0c601f1f0f4	Helium
NWD762682	NA12878	NYGC	gs://topmed-irc-share/public/NWD762682.recab.cram	s3://cgp-commons-public/topmed_open_access/93df4933-27ef-5be9-ad4b-a70a7501c336/NWD762682.recab.cram		dg.4503/ed168ef7-fa47-4ec0-91ca-8da017e3a6b5			dos://dos-dss.ucsc-cgp-dev.org/ed168ef7-fa47-4ec0-91ca-8da017e3a6b5?version=2018-05-26T133724.222513Z	cram	8265b6cac3924f4362b7e7aa7a875e18	Helium
NWD762682	NA12878	NYGC	gs://topmed-irc-share/public/NWD762682.recab.cram.crai	s3://cgp-commons-public/topmed_open_access/93df4933-27ef-5be9-ad4b-a70a7501c336/NWD762682.recab.cram.crai		dg.4503/ff7186f0-f9ca-4ec2-b5c0-7fc2eea1af7a			dos://dos-dss.ucsc-cgp-dev.org/ff7186f0-f9ca-4ec2-b5c0-7fc2eea1af7a?version=2018-05-26T134319.871011Z	crai	1e319ce6841ca0d87fe17b01e83e122b	Helium
NWD763972	NA19238	UW	gs://topmed-irc-share/public/NWD763972.recab.cram	s3://cgp-commons-public/topmed_open_access/108c3839-a48e-53d8-a765-e7bfa5da6c81/NWD763972.recab.cram		dg.4503/edcb3854-2b55-4f9a-ba88-508e0721a37b			dos://dos-dss.ucsc-cgp-dev.org/edcb3854-2b55-4f9a-ba88-508e0721a37b?version=2018-05-26T133724.283299Z	cram	cde8877e3e05c4f49778080a949322d6	Helium
NWD763972	NA19238	UW	gs://topmed-irc-share/public/NWD763972.recab.cram.crai	s3://cgp-commons-public/topmed_open_access/108c3839-a48e-53d8-a765-e7bfa5da6c81/NWD763972.recab.cram.crai		dg.4503/8617e42e-9fb8-4670-96c1-bfa977b5a3e8			dos://dos-dss.ucsc-cgp-dev.org/8617e42e-9fb8-4670-96c1-bfa977b5a3e8?version=2018-05-26T134319.933150Z	crai	53008e8b2a5793676e9e4276a39b471c	Helium
NWD768309	NA12878	Broad	gs://topmed-irc-share/public/NWD768309.recab.cram	s3://cgp-commons-public/topmed_open_access/1ecf1c35-9e1e-55ef-8f42-71102c3abc33/NWD768309.recab.cram		dg.4503/f3b438d9-dd07-4429-aa01-813bc88d54d6			dos://dos-dss.ucsc-cgp-dev.org/f3b438d9-dd07-4429-aa01-813bc88d54d6?version=2018-05-26T133724.343976Z	cram	c0051d476a744969854d67040cd0d8de	Helium
NWD768309	NA12878	Broad	gs://topmed-irc-share/public/NWD768309.recab.cram.crai	s3://cgp-commons-public/topmed_open_access/1ecf1c35-9e1e-55ef-8f42-71102c3abc33/NWD768309.recab.cram.crai		dg.4503/19188082-08d7-4ab8-9a2f-ed1b03d64676			dos://dos-dss.ucsc-cgp-dev.org/19188082-08d7-4ab8-9a2f-ed1b03d64676?version=2018-05-26T134319.996814Z	crai	3918dcc5e0bb2c93fefe3daba4f8eeef	Helium
NWD768493	NA19238	Broad	gs://topmed-irc-share/public/NWD768493.recab.cram	s3://cgp-commons-public/topmed_open_access/8538959a-84b1-57c3-a46a-abcb45e2d8df/NWD768493.recab.cram		dg.4503/597381a8-0c4f-4f1a-8800-afbd361b12ea			dos://dos-dss.ucsc-cgp-dev.org/597381a8-0c4f-4f1a-8800-afbd361b12ea?version=2018-05-26T133724.408452Z	cram	fceda468f8cd3487c1fa51a4aeaf8b17	Helium
NWD768493	NA19238	Broad	gs://topmed-irc-share/public/NWD768493.recab.cram.crai	s3://cgp-commons-public/topmed_open_access/8538959a-84b1-57c3-a46a-abcb45e2d8df/NWD768493.recab.cram.crai		dg.4503/7c864237-811d-49b3-8329-da1efa4cacdd			dos://dos-dss.ucsc-cgp-dev.org/7c864237-811d-49b3-8329-da1efa4cacdd?version=2018-05-26T134320.059257Z	crai	05e866e97b3fbb7a81ccd0c0754308b3	Helium
NWD769626	NA19238	Broad	gs://topmed-irc-share/public/NWD769626.recab.cram	s3://cgp-commons-public/topmed_open_access/a4e46685-bb98-5e9b-aa2d-263f8091ea22/NWD769626.recab.cram		dg.4503/818be9aa-1138-48f4-a835-60c8aa417bfc			dos://dos-dss.ucsc-cgp-dev.org/818be9aa-1138-48f4-a835-60c8aa417bfc?version=2018-05-26T133724.471148Z	cram	5de64502dd1f28ce6888682b641ab3e6	Helium
NWD769626	NA19238	Broad	gs://topmed-irc-share/public/NWD769626.recab.cram.crai	s3://cgp-commons-public/topmed_open_access/a4e46685-bb98-5e9b-aa2d-263f8091ea22/NWD769626.recab.cram.crai		dg.4503/e6e96bb5-114e-4a0e-be3d-609a82b96953			dos://dos-dss.ucsc-cgp-dev.org/e6e96bb5-114e-4a0e-be3d-609a82b96953?version=2018-05-26T134320.130572Z	crai	181dce8a1029da385a5177344893131a	Helium
NWD778759	NA12878	UW	gs://topmed-irc-share/public/NWD778759.recab.cram	s3://cgp-commons-public/topmed_open_access/5da6f1b9-12e0-5a67-b922-509027ed9025/NWD778759.recab.cram		dg.4503/2574c9f1-97aa-4ff0-bcb8-830d902ab9ce			dos://dos-dss.ucsc-cgp-dev.org/2574c9f1-97aa-4ff0-bcb8-830d902ab9ce?version=2018-05-26T133724.538372Z	cram	56f9ecbe0a46f376d4fbed22cbb5d986	Helium
NWD778759	NA12878	UW	gs://topmed-irc-share/public/NWD778759.recab.cram.crai	s3://cgp-commons-public/topmed_open_access/5da6f1b9-12e0-5a67-b922-509027ed9025/NWD778759.recab.cram.crai		dg.4503/7bb8d991-dbca-496b-aca6-47a96aa17e7a			dos://dos-dss.ucsc-cgp-dev.org/7bb8d991-dbca-496b-aca6-47a96aa17e7a?version=2018-05-26T134320.192527Z	crai	ca8fa57bbf7dce5de9517a5ac2f2178b	Helium
NWD790783	NA12878	Baylor	gs://topmed-irc-share/public/NWD790783.recab.cram	s3://cgp-commons-public/topmed_open_access/4a51ff38-f4ea-5599-b752-8e65724864db/NWD790783.recab.cram		dg.4503/9ab2ad31-97f3-40ed-a0f3-10f83783e663			dos://dos-dss.ucsc-cgp-dev.org/9ab2ad31-97f3-40ed-a0f3-10f83783e663?version=2018-05-26T133724.600945Z	cram	dee6c6bac7852750bb9a4b804bb75de1	Helium
NWD790783	NA12878	Baylor	gs://topmed-irc-share/public/NWD790783.recab.cram.crai	s3://cgp-commons-public/topmed_open_access/4a51ff38-f4ea-5599-b752-8e65724864db/NWD790783.recab.cram.crai		dg.4503/81957941-14da-4a1e-bea7-98eaf17561e0			dos://dos-dss.ucsc-cgp-dev.org/81957941-14da-4a1e-bea7-98eaf17561e0?version=2018-05-26T134320.256398Z	crai	eea145c27504595a7a050c1ffb71129d	Helium
NWD791319	NA19238	Baylor	gs://topmed-irc-share/public/NWD791319.recab.cram	s3://cgp-commons-public/topmed_open_access/38a8c550-e233-5c42-b5fe-87ef5b3b41a2/NWD791319.recab.cram		dg.4503/4c2789e4-d881-410f-b71c-b17817219448			dos://dos-dss.ucsc-cgp-dev.org/4c2789e4-d881-410f-b71c-b17817219448?version=2018-05-26T133724.661664Z	cram	6315166a1ed3e7c6cc04b2108102f05a	Xenon
NWD791319	NA19238	Baylor	gs://topmed-irc-share/public/NWD791319.recab.cram.crai	s3://cgp-commons-public/topmed_open_access/38a8c550-e233-5c42-b5fe-87ef5b3b41a2/NWD791319.recab.cram.crai		dg.4503/26a9da24-e167-4291-9af4-24ae31a5e24b			dos://dos-dss.ucsc-cgp-dev.org/26a9da24-e167-4291-9af4-24ae31a5e24b?version=2018-05-26T134320.318906Z	crai	83ec7aba08568885338a0bcaec70ff73	Xenon
NWD805667	NA19238	Macrogen	gs://topmed-irc-share/public/NWD805667.recab.cram	s3://cgp-commons-public/topmed_open_access/f332c3e8-3d0d-50e0-8438-7af114ae2b3b/NWD805667.recab.cram		dg.4503/e2a71b0f-5b18-4db4-922a-1879c35c234b			dos://dos-dss.ucsc-cgp-dev.org/e2a71b0f-5b18-4db4-922a-1879c35c234b?version=2018-05-26T133724.723947Z	cram	74c0d700532b973e96748584a2dc8dad	Xenon
NWD805667	NA19238	Macrogen	gs://topmed-irc-share/public/NWD805667.recab.cram.crai	s3://cgp-commons-public/topmed_open_access/f332c3e8-3d0d-50e0-8438-7af114ae2b3b/NWD805667.recab.cram.crai		dg.4503/7c917f09-700b-48fe-ab8f-b1501865609e			dos://dos-dss.ucsc-cgp-dev.org/7c917f09-700b-48fe-ab8f-b1501865609e?version=2018-05-26T134320.380949Z	crai	00a90dca71b204f23f990fd7949fa31e	Xenon
NWD812009	NA12878	UW	gs://topmed-irc-share/public/NWD812009.recab.cram	s3://cgp-commons-public/topmed_open_access/38948ecb-b9f9-5644-8ecc-187a9e4dfb1b/NWD812009.recab.cram		dg.4503/5bc5d11e-b72f-4491-88de-8ccece34ca66			dos://dos-dss.ucsc-cgp-dev.org/5bc5d11e-b72f-4491-88de-8ccece34ca66?version=2018-05-26T133724.785367Z	cram	5f8c3316ffecdb3eecd0564bba81d4d7	Xenon
NWD812009	NA12878	UW	gs://topmed-irc-share/public/NWD812009.recab.cram.crai	s3://cgp-commons-public/topmed_open_access/38948ecb-b9f9-5644-8ecc-187a9e4dfb1b/NWD812009.recab.cram.crai		dg.4503/17940914-b814-4b7d-bbb3-7800e5181f11			dos://dos-dss.ucsc-cgp-dev.org/17940914-b814-4b7d-bbb3-7800e5181f11?version=2018-05-26T134320.444604Z	crai	f42f7af7dab3a2405346a617b3ad5485	Xenon
NWD821054	NA12878	Baylor	gs://topmed-irc-share/public/NWD821054.recab.cram	s3://cgp-commons-public/topmed_open_access/fda2c2d4-15d4-5848-af51-38ba92d446ed/NWD821054.recab.cram		dg.4503/9e6bf5eb-6868-4912-a564-1e3e496279bc			dos://dos-dss.ucsc-cgp-dev.org/9e6bf5eb-6868-4912-a564-1e3e496279bc?version=2018-05-26T133724.849589Z	cram	f6b5dd77b20e964ccf3860eae4d49ce2	Xenon
NWD821054	NA12878	Baylor	gs://topmed-irc-share/public/NWD821054.recab.cram.crai	s3://cgp-commons-public/topmed_open_access/fda2c2d4-15d4-5848-af51-38ba92d446ed/NWD821054.recab.cram.crai		dg.4503/e5a3aa7c-335f-42f5-852b-751563fc663c			dos://dos-dss.ucsc-cgp-dev.org/e5a3aa7c-335f-42f5-852b-751563fc663c?version=2018-05-26T134320.519460Z	crai	5aa1825148cfb23497eacefd17399b34	Xenon
NWD831422	NA12878	Broad	gs://topmed-irc-share/public/NWD831422.recab.cram	s3://cgp-commons-public/topmed_open_access/0e727062-7fc9-5e46-b1e3-24537426ca4c/NWD831422.recab.cram		dg.4503/d50c81c3-93f7-42f8-bd0a-fdcc85b66bc1			dos://dos-dss.ucsc-cgp-dev.org/d50c81c3-93f7-42f8-bd0a-fdcc85b66bc1?version=2018-05-26T133724.912795Z	cram	5d7c4e7a6766fe437e33ce47963129f6	Xenon
NWD831422	NA12878	Broad	gs://topmed-irc-share/public/NWD831422.recab.cram.crai	s3://cgp-commons-public/topmed_open_access/0e727062-7fc9-5e46-b1e3-24537426ca4c/NWD831422.recab.cram.crai		dg.4503/39a17d1d-e653-4f88-8076-bd92ba9cbc9b			dos://dos-dss.ucsc-cgp-dev.org/39a17d1d-e653-4f88-8076-bd92ba9cbc9b?version=2018-05-26T134320.584844Z	crai	dcbe9d985c104fd240b9c307e4acf4c0	Xenon
NWD832275	NA19238	UW	gs://topmed-irc-share/public/NWD832275.recab.cram	s3://cgp-commons-public/topmed_open_access/28bebda7-14b1-5c47-b9b7-52540f091866/NWD832275.recab.cram		dg.4503/4b0b3a12-eb70-4d31-8bdb-8e1228715d00			dos://dos-dss.ucsc-cgp-dev.org/4b0b3a12-eb70-4d31-8bdb-8e1228715d00?version=2018-05-26T133724.975956Z	cram	b19f04b2f1c6770ec67624bb4cf02b35	Xenon
NWD832275	NA19238	UW	gs://topmed-irc-share/public/NWD832275.recab.cram.crai	s3://cgp-commons-public/topmed_open_access/28bebda7-14b1-5c47-b9b7-52540f091866/NWD832275.recab.cram.crai		dg.4503/f8703e9d-f0fd-4252-8387-5b10b436bb0d			dos://dos-dss.ucsc-cgp-dev.org/f8703e9d-f0fd-4252-8387-5b10b436bb0d?version=2018-05-26T134320.648500Z	crai	3b14fc7038fe89a3cfead60f9d4b67a3	Xenon
NWD841343	NA12878	Broad	gs://topmed-irc-share/public/NWD841343.recab.cram	s3://cgp-commons-public/topmed_open_access/e936e5e6-8c17-5ed4-a087-d2dda860a160/NWD841343.recab.cram		dg.4503/5933aa25-4b59-4960-9a25-6cba1c633f25			dos://dos-dss.ucsc-cgp-dev.org/5933aa25-4b59-4960-9a25-6cba1c633f25?version=2018-05-26T133725.038100Z	cram	f0af502df64bec0ed79c59c297b19fe2	Xenon
NWD841343	NA12878	Broad	gs://topmed-irc-share/public/NWD841343.recab.cram.crai	s3://cgp-commons-public/topmed_open_access/e936e5e6-8c17-5ed4-a087-d2dda860a160/NWD841343.recab.cram.crai		dg.4503/b9c20b9c-74b7-4f1d-86be-0b022006d673			dos://dos-dss.ucsc-cgp-dev.org/b9c20b9c-74b7-4f1d-86be-0b022006d673?version=2018-05-26T134320.711467Z	crai	df0645e3f14b088da071e6ae42ac15ad	Xenon
NWD842401	HG01111	Baylor	gs://topmed-irc-share/public/NWD842401.recab.cram	s3://cgp-commons-public/topmed_open_access/5650ba65-983c-5816-9e52-3e49c8409e29/NWD842401.recab.cram		dg.4503/5ddbd47d-29f0-41e1-b6b3-14e158432375			dos://dos-dss.ucsc-cgp-dev.org/5ddbd47d-29f0-41e1-b6b3-14e158432375?version=2018-05-26T133725.102545Z	cram	b88c830192e89cc4c0920b2b3f105239	Xenon
NWD842401	HG01111	Baylor	gs://topmed-irc-share/public/NWD842401.recab.cram.crai	s3://cgp-commons-public/topmed_open_access/5650ba65-983c-5816-9e52-3e49c8409e29/NWD842401.recab.cram.crai		dg.4503/b51f6054-0f59-4d9d-89ba-232224bb7ab3			dos://dos-dss.ucsc-cgp-dev.org/b51f6054-0f59-4d9d-89ba-232224bb7ab3?version=2018-05-26T134320.773497Z	crai	0ee2638dc37adc96f2ab46c05eb5e470	Xenon
NWD855893	NA19238	Baylor	gs://topmed-irc-share/public/NWD855893.recab.cram	s3://cgp-commons-public/topmed_open_access/d9a012d7-f092-577d-8750-d0337a1ff571/NWD855893.recab.cram		dg.4503/36fdd4e5-bf2f-45d7-a67d-c6247bfd9130			dos://dos-dss.ucsc-cgp-dev.org/36fdd4e5-bf2f-45d7-a67d-c6247bfd9130?version=2018-05-26T133725.164727Z	cram	dfe79d741b1e3c8ec49f6552f84b08f6	Xenon
NWD855893	NA19238	Baylor	gs://topmed-irc-share/public/NWD855893.recab.cram.crai	s3://cgp-commons-public/topmed_open_access/d9a012d7-f092-577d-8750-d0337a1ff571/NWD855893.recab.cram.crai		dg.4503/bfb5547c-82d5-4520-ae5f-b5f56cc261bb			dos://dos-dss.ucsc-cgp-dev.org/bfb5547c-82d5-4520-ae5f-b5f56cc261bb?version=2018-05-26T134320.838228Z	crai	5f049d4feb754c8c0b37fae0110e3090	Xenon
NWD866959	NA19238	Broad	gs://topmed-irc-share/public/NWD866959.recab.cram	s3://cgp-commons-public/topmed_open_access/243cad51-d5bb-557d-a0a6-0d9ec5f00667/NWD866959.recab.cram		dg.4503/9555d166-1a16-4f92-b161-f2a4462223f8			dos://dos-dss.ucsc-cgp-dev.org/9555d166-1a16-4f92-b161-f2a4462223f8?version=2018-05-26T133725.233250Z	cram	41707c32ca5046d64b82fff0bf90f240	Xenon
NWD866959	NA19238	Broad	gs://topmed-irc-share/public/NWD866959.recab.cram.crai	s3://cgp-commons-public/topmed_open_access/243cad51-d5bb-557d-a0a6-0d9ec5f00667/NWD866959.recab.cram.crai		dg.4503/5934a503-ba20-4169-9487-0d3a8f797311			dos://dos-dss.ucsc-cgp-dev.org/5934a503-ba20-4169-9487-0d3a8f797311?version=2018-05-26T134320.902216Z	crai	d3610cc9315ff558ed14cb74128cb28b	Xenon
NWD875673	NA12878	Baylor	gs://topmed-irc-share/public/NWD875673.recab.cram	s3://cgp-commons-public/topmed_open_access/2277b3fc-5a75-5782-86a0-c29f13844e7d/NWD875673.recab.cram		dg.4503/b76d98e5-df42-4ba0-944e-e07ac6aa7905			dos://dos-dss.ucsc-cgp-dev.org/b76d98e5-df42-4ba0-944e-e07ac6aa7905?version=2018-05-26T133725.295724Z	cram	67379369babd02baa1b839b574910da9	Xenon
NWD875673	NA12878	Baylor	gs://topmed-irc-share/public/NWD875673.recab.cram.crai	s3://cgp-commons-public/topmed_open_access/2277b3fc-5a75-5782-86a0-c29f13844e7d/NWD875673.recab.cram.crai		dg.4503/2adc2ddd-8547-4a9d-b5b5-20262c3252c8			dos://dos-dss.ucsc-cgp-dev.org/2adc2ddd-8547-4a9d-b5b5-20262c3252c8?version=2018-05-26T134320.966407Z	crai	162e9d9e87bce7bae5d15438721fb8a0	Xenon
NWD881320	NA12878	Baylor	gs://topmed-irc-share/public/NWD881320.recab.cram	s3://cgp-commons-public/topmed_open_access/9de4f053-b1a9-5bc0-9237-fddffd6ba9dc/NWD881320.recab.cram		dg.4503/b7b2e2de-5563-4166-a089-2e7b4127ad4e			dos://dos-dss.ucsc-cgp-dev.org/b7b2e2de-5563-4166-a089-2e7b4127ad4e?version=2018-05-26T133725.367753Z	cram	67ad5b528ec4224f7ea200476111bad2	Xenon
NWD881320	NA12878	Baylor	gs://topmed-irc-share/public/NWD881320.recab.cram.crai	s3://cgp-commons-public/topmed_open_access/9de4f053-b1a9-5bc0-9237-fddffd6ba9dc/NWD881320.recab.cram.crai		dg.4503/c14cc390-40ed-490b-9643-3c40a147efa1			dos://dos-dss.ucsc-cgp-dev.org/c14cc390-40ed-490b-9643-3c40a147efa1?version=2018-05-26T134321.028155Z	crai	fca685c7943bfd1e322df8ef8f7f87d7	Xenon
NWD886731	NA12878	Baylor	gs://topmed-irc-share/public/NWD886731.recab.cram	s3://cgp-commons-public/topmed_open_access/64237f54-b682-563d-8f5b-cefd0650e48a/NWD886731.recab.cram		dg.4503/5178445c-c93b-4826-852e-d0f7b5e6741e			dos://dos-dss.ucsc-cgp-dev.org/5178445c-c93b-4826-852e-d0f7b5e6741e?version=2018-05-26T133725.428703Z	cram	6e41aea6f511f774260b26de15424a99	Xenon
NWD886731	NA12878	Baylor	gs://topmed-irc-share/public/NWD886731.recab.cram.crai	s3://cgp-commons-public/topmed_open_access/64237f54-b682-563d-8f5b-cefd0650e48a/NWD886731.recab.cram.crai		dg.4503/d8001f3a-f248-49ae-9ff0-18fec2ada272			dos://dos-dss.ucsc-cgp-dev.org/d8001f3a-f248-49ae-9ff0-18fec2ada272?version=2018-05-26T134321.092349Z	crai	038b38d16b353eb4814e3776c640bedc	Xenon
NWD897509	NA19238	UW	gs://topmed-irc-share/public/NWD897509.recab.cram	s3://cgp-commons-public/topmed_open_access/17526eb6-4047-5035-b9aa-43cb67ae2960/NWD897509.recab.cram		dg.4503/c7d39f2e-28d2-45ae-b937-8780457bab1a			dos://dos-dss.ucsc-cgp-dev.org/c7d39f2e-28d2-45ae-b937-8780457bab1a?version=2018-05-26T133725.492482Z	cram	aac42f2e3228517bccd914b37ee2d3ab	Xenon
NWD897509	NA19238	UW	gs://topmed-irc-share/public/NWD897509.recab.cram.crai	s3://cgp-commons-public/topmed_open_access/17526eb6-4047-5035-b9aa-43cb67ae2960/NWD897509.recab.cram.crai		dg.4503/9e5b7106-d03f-4b20-8f4b-ff4f436d62df			dos://dos-dss.ucsc-cgp-dev.org/9e5b7106-d03f-4b20-8f4b-ff4f436d62df?version=2018-05-26T134321.153835Z	crai	379b95ab8412e057aa0e86e2145554e1	Xenon
NWD901849	NA12878	NYGC	gs://topmed-irc-share/public/NWD901849.recab.cram	s3://cgp-commons-public/topmed_open_access/ea289f20-4125-544f-8475-e756f7168860/NWD901849.recab.cram		dg.4503/e631a851-a1f2-46b2-ba84-4a209637fe78			dos://dos-dss.ucsc-cgp-dev.org/e631a851-a1f2-46b2-ba84-4a209637fe78?version=2018-05-26T133725.556731Z	cram	4b538b3469a620ed900548a9f818fb44	Xenon
NWD901849	NA12878	NYGC	gs://topmed-irc-share/public/NWD901849.recab.cram.crai	s3://cgp-commons-public/topmed_open_access/ea289f20-4125-544f-8475-e756f7168860/NWD901849.recab.cram.crai		dg.4503/85b53c34-1d8d-4770-93c3-879792b7478f			dos://dos-dss.ucsc-cgp-dev.org/85b53c34-1d8d-4770-93c3-879792b7478f?version=2018-05-26T134321.216172Z	crai	eb89e0de5b5732a2dd7362523d59e327	Xenon
NWD905240	NA12878	UW	gs://topmed-irc-share/public/NWD905240.recab.cram	s3://cgp-commons-public/topmed_open_access/3d9dd79c-e4e8-5d59-ac44-65c907c22a2e/NWD905240.recab.cram		dg.4503/887388d7-a974-4259-86af-f5305172363d			dos://dos-dss.ucsc-cgp-dev.org/887388d7-a974-4259-86af-f5305172363d?version=2018-05-26T133725.618273Z	cram	7af0014daca79bcc4bbed32fc128c066	Xenon
NWD905240	NA12878	UW	gs://topmed-irc-share/public/NWD905240.recab.cram.crai	s3://cgp-commons-public/topmed_open_access/3d9dd79c-e4e8-5d59-ac44-65c907c22a2e/NWD905240.recab.cram.crai		dg.4503/76b6ea80-978d-443e-acf7-751903c2b0e5			dos://dos-dss.ucsc-cgp-dev.org/76b6ea80-978d-443e-acf7-751903c2b0e5?version=2018-05-26T134321.277280Z	crai	99e15c5bab6a795d50358df2267d1739	Xenon
NWD909656	NA19238	NYGC	gs://topmed-irc-share/public/NWD909656.recab.cram	s3://cgp-commons-public/topmed_open_access/c9b0fbff-c65d-59b6-b9f0-4f2965de539a/NWD909656.recab.cram		dg.4503/140f6824-4c8c-43ea-bc82-21570650e694			dos://dos-dss.ucsc-cgp-dev.org/140f6824-4c8c-43ea-bc82-21570650e694?version=2018-05-26T133725.681620Z	cram	2c9300554ea705c3916b17e53b1cfa30	Xenon
NWD909656	NA19238	NYGC	gs://topmed-irc-share/public/NWD909656.recab.cram.crai	s3://cgp-commons-public/topmed_open_access/c9b0fbff-c65d-59b6-b9f0-4f2965de539a/NWD909656.recab.cram.crai		dg.4503/4e18f9ed-7009-4d9b-b3a8-537798964532			dos://dos-dss.ucsc-cgp-dev.org/4e18f9ed-7009-4d9b-b3a8-537798964532?version=2018-05-26T134321.341335Z	crai	bd3b7782fdecc05728206dcefd1764f4	Xenon
NWD910953	NA12878	Baylor	gs://topmed-irc-share/public/NWD910953.recab.cram	s3://cgp-commons-public/topmed_open_access/baae6014-5527-5dae-8f95-f6bff9b36ae0/NWD910953.recab.cram		dg.4503/31dd187d-1ebf-477d-921f-cc9bae1469e8			dos://dos-dss.ucsc-cgp-dev.org/31dd187d-1ebf-477d-921f-cc9bae1469e8?version=2018-05-26T133725.744558Z	cram	8aa10153afc1456796eee5a4e0d33f82	Xenon
NWD910953	NA12878	Baylor	gs://topmed-irc-share/public/NWD910953.recab.cram.crai	s3://cgp-commons-public/topmed_open_access/baae6014-5527-5dae-8f95-f6bff9b36ae0/NWD910953.recab.cram.crai		dg.4503/be01f566-1d42-4931-a040-568f7e5c629b			dos://dos-dss.ucsc-cgp-dev.org/be01f566-1d42-4931-a040-568f7e5c629b?version=2018-05-26T134321.401934Z	crai	11ba23188840d5d9350230d5469d2823	Xenon
NWD918554	NA19238	UW	gs://topmed-irc-share/public/NWD918554.recab.cram	s3://cgp-commons-public/topmed_open_access/9b418a88-134c-5567-8340-94269c2b9e52/NWD918554.recab.cram		dg.4503/2959867d-04a9-469e-ab29-7784be83d782			dos://dos-dss.ucsc-cgp-dev.org/2959867d-04a9-469e-ab29-7784be83d782?version=2018-05-26T133725.806323Z	cram	507c63da5ea424809d5ab563ff59fa4a	Xenon
NWD918554	NA19238	UW	gs://topmed-irc-share/public/NWD918554.recab.cram.crai	s3://cgp-commons-public/topmed_open_access/9b418a88-134c-5567-8340-94269c2b9e52/NWD918554.recab.cram.crai		dg.4503/79bd5ab7-b3a1-4626-84c7-8a5e70ed4be2			dos://dos-dss.ucsc-cgp-dev.org/79bd5ab7-b3a1-4626-84c7-8a5e70ed4be2?version=2018-05-26T134321.463178Z	crai	cad973fffb5c914ef3c1c4b4ce49868f	Xenon
NWD929194	NA12878	NYGC	gs://topmed-irc-share/public/NWD929194.recab.cram	s3://cgp-commons-public/topmed_open_access/a96950b9-eeb1-56f3-937f-f92c9f91eb7a/NWD929194.recab.cram		dg.4503/4e5ac016-ca58-4029-9448-c334fcf3150e			dos://dos-dss.ucsc-cgp-dev.org/4e5ac016-ca58-4029-9448-c334fcf3150e?version=2018-05-26T133725.870043Z	cram	cff198da5a71a6a15da204c1dbbba848	Xenon
NWD929194	NA12878	NYGC	gs://topmed-irc-share/public/NWD929194.recab.cram.crai	s3://cgp-commons-public/topmed_open_access/a96950b9-eeb1-56f3-937f-f92c9f91eb7a/NWD929194.recab.cram.crai		dg.4503/efc40472-cd1a-4439-8384-34bc8672f34f			dos://dos-dss.ucsc-cgp-dev.org/efc40472-cd1a-4439-8384-34bc8672f34f?version=2018-05-26T134321.527551Z	crai	b586d2801fadd3e85e6b8902d7dec762	Xenon
NWD952432	NA12878	Broad	gs://topmed-irc-share/public/NWD952432.recab.cram	s3://cgp-commons-public/topmed_open_access/fab5eca7-0f49-586a-9bca-a66f2df4f173/NWD952432.recab.cram		dg.4503/649c2fe6-ffdc-40c4-92f8-3cb7ba550da5			dos://dos-dss.ucsc-cgp-dev.org/649c2fe6-ffdc-40c4-92f8-3cb7ba550da5?version=2018-05-26T133725.931344Z	cram	0aed1af327455b26ea76fc127c84c8ef	Xenon
NWD952432	NA12878	Broad	gs://topmed-irc-share/public/NWD952432.recab.cram.crai	s3://cgp-commons-public/topmed_open_access/fab5eca7-0f49-586a-9bca-a66f2df4f173/NWD952432.recab.cram.crai		dg.4503/091388f8-79dc-492e-910b-c3fd2ba4bb90			dos://dos-dss.ucsc-cgp-dev.org/091388f8-79dc-492e-910b-c3fd2ba4bb90?version=2018-05-26T134321.589397Z	crai	9958469e152229a338044fa888ebc5f1	Xenon
NWD953198	NA19238	NYGC	gs://topmed-irc-share/public/NWD953198.recab.cram	s3://cgp-commons-public/topmed_open_access/9449321f-0ebd-5607-99b9-ba8f30a185ad/NWD953198.recab.cram		dg.4503/3e24b314-6da8-475b-88e7-22777b4d0aa0			dos://dos-dss.ucsc-cgp-dev.org/3e24b314-6da8-475b-88e7-22777b4d0aa0?version=2018-05-26T133725.991936Z	cram	4d5d63abda2d31c905ab4b5ea8cbd5fe	Xenon
NWD953198	NA19238	NYGC	gs://topmed-irc-share/public/NWD953198.recab.cram.crai	s3://cgp-commons-public/topmed_open_access/9449321f-0ebd-5607-99b9-ba8f30a185ad/NWD953198.recab.cram.crai		dg.4503/fd9aba0e-4796-415a-abdc-a27fd3c50ed9			dos://dos-dss.ucsc-cgp-dev.org/fd9aba0e-4796-415a-abdc-a27fd3c50ed9?version=2018-05-26T134321.652794Z	crai	abed557047cd8589f325a93e25c5377e	Xenon
NWD967078	NA19238	Baylor	gs://topmed-irc-share/public/NWD967078.recab.cram	s3://cgp-commons-public/topmed_open_access/b2318775-7d17-5e37-857d-f260d3772b19/NWD967078.recab.cram		dg.4503/7be86fa5-5dfc-4018-b8c4-a41fb61bef07			dos://dos-dss.ucsc-cgp-dev.org/7be86fa5-5dfc-4018-b8c4-a41fb61bef07?version=2018-05-26T133726.052985Z	cram	7140d79d421e36371cd08385db3d17fa	Xenon
NWD967078	NA19238	Baylor	gs://topmed-irc-share/public/NWD967078.recab.cram.crai	s3://cgp-commons-public/topmed_open_access/b2318775-7d17-5e37-857d-f260d3772b19/NWD967078.recab.cram.crai		dg.4503/386980c8-3764-4db4-8f38-d27e80e3e801			dos://dos-dss.ucsc-cgp-dev.org/386980c8-3764-4db4-8f38-d27e80e3e801?version=2018-05-26T134321.717211Z	crai	fd2a166406cbd49340221161d64c9bf1	Xenon
NWD968809	HG01110	WashU	gs://topmed-irc-share/public/NWD968809.recab.cram	s3://cgp-commons-public/topmed_open_access/4fc383f9-2c21-599d-aa7d-ea1be7e8fc3e/NWD968809.recab.cram		dg.4503/4c0c4954-ad49-46f5-b509-419fcb073f59			dos://dos-dss.ucsc-cgp-dev.org/4c0c4954-ad49-46f5-b509-419fcb073f59?version=2018-05-26T133726.118528Z	cram	70c3525f6be414134364ec82ba01958e	Xenon
NWD968809	HG01110	WashU	gs://topmed-irc-share/public/NWD968809.recab.cram.crai	s3://cgp-commons-public/topmed_open_access/4fc383f9-2c21-599d-aa7d-ea1be7e8fc3e/NWD968809.recab.cram.crai		dg.4503/e2111eaa-b706-4ced-9fa4-d888427530ea			dos://dos-dss.ucsc-cgp-dev.org/e2111eaa-b706-4ced-9fa4-d888427530ea?version=2018-05-26T134321.780725Z	crai	7a2436d139d61904d9f4607ea8e06139	Xenon
NWD991001	NA12878	NYGC	gs://topmed-irc-share/public/NWD991001.recab.cram	s3://cgp-commons-public/topmed_open_access/6a19bc32-ddc5-55b7-9315-224331f4f1a0/NWD991001.recab.cram		dg.4503/71d8aa16-2b8d-4077-a445-f742bf6c4686			dos://dos-dss.ucsc-cgp-dev.org/71d8aa16-2b8d-4077-a445-f742bf6c4686?version=2018-05-26T133726.178622Z	cram	e1bb6e18d3a61e7c0c83b597733c7e15	Xenon
NWD991001	NA12878	NYGC	gs://topmed-irc-share/public/NWD991001.recab.cram.crai	s3://cgp-commons-public/topmed_open_access/6a19bc32-ddc5-55b7-9315-224331f4f1a0/NWD991001.recab.cram.crai		dg.4503/414861f6-98d7-4829-ba3a-d114c2d39e7d			dos://dos-dss.ucsc-cgp-dev.org/414861f6-98d7-4829-ba3a-d114c2d39e7d?version=2018-05-26T134321.843222Z	crai	b68e51eb464ce2450be49236ad5d1bf8	Xenon
